path,label,label_id,group_id,sha256
data/raw/cardboard/cardboard100.jpg,cardboard,0,data/raw/cardboard/cardboard100.jpg,13277fa7ae788f6f342a7d41ada36d4adcd20c58e504f2302b619f3b79087b92
data/raw/cardboard/cardboard104.jpg,cardboard,0,data/raw/cardboard/cardboard104.jpg,8c5fc72fb93efeb74d912c8ead8dfde62894aabd5aa5ceb67cb261d7efa13e09
data/raw/cardboard/cardboard105.jpg,cardboard,0,data/raw/cardboard/cardboard105.jpg,61bc3fa9aeffc93cd85e7cf6af5f5419f2ecf14f1844a3ec28631d09bf2eec5e
data/raw/cardboard/cardboard106.jpg,cardboard,0,data/raw/cardboard/cardboard106.jpg,2c0f7b6223c9143f9ed4202b398f2e65febeb1b1edf50e65c2fdd7ac83da4260
data/raw/cardboard/cardboard107.jpg,cardboard,0,data/raw/cardboard/cardboard107.jpg,f684a75b78c3b036ef269ae3065dc465b3ebee2816aafb2c1c33ca2f97e035b4
data/raw/cardboard/cardboard108.jpg,cardboard,0,data/raw/cardboard/cardboard108.jpg,99bcaeaf983807a7517bd9c795c9176189806c05194163201cf64aace1531143
data/raw/cardboard/cardboard109.jpg,cardboard,0,data/raw/cardboard/cardboard109.jpg,5c0111570535a620d024fe6acb97e12e6d82834c44076447ad50bb9e0ea31835
data/raw/cardboard/cardboard113.jpg,cardboard,0,data/raw/cardboard/cardboard113.jpg,4a2125f33133fc44e1b6a596c7a3c98fbac109b5c12bb8d6b69f92e04d2a31da
data/raw/cardboard/cardboard114.jpg,cardboard,0,data/raw/cardboard/cardboard114.jpg,c64e75b62eaae06b8903dbaa196d044498c126746ab424ea29c09534b0ebbeed
data/raw/cardboard/cardboard115.jpg,cardboard,0,data/raw/cardboard/cardboard115.jpg,448e75e25fc89c0af92631d09fe6a6b3c86d121478ba1b9fd8f57a6ccb2a98e1
data/raw/cardboard/cardboard116.jpg,cardboard,0,data/raw/cardboard/cardboard116.jpg,9537b0fd18ac7a43bd2f9cbfdbfd28d1e2460b4dd9d2bbc634745477f917c8ca
data/raw/cardboard/cardboard119.jpg,cardboard,0,data/raw/cardboard/cardboard119.jpg,9eca298b852c5d86700d995a32ed4b4b0ec29498b090649fb0ca3749658e66dc
data/raw/cardboard/cardboard121.jpg,cardboard,0,data/raw/cardboard/cardboard121.jpg,b73b7ce6a180a0c33e20ae591d0e727e70a4a53b5f07f87350c245a69f0a3d6f
data/raw/cardboard/cardboard122.jpg,cardboard,0,data/raw/cardboard/cardboard122.jpg,cf30fceb14b4638f56b5be8c0bac37051cdc971cc24055762abb7d75b6086ba5
data/raw/cardboard/cardboard125.jpg,cardboard,0,data/raw/cardboard/cardboard125.jpg,5ec499f5f409e2ef67239f34b4cb719cbd4b693d7a4d41c95a17fdd4198087cb
data/raw/cardboard/cardboard126.jpg,cardboard,0,data/raw/cardboard/cardboard126.jpg,0417170e5e24a3210f42957a6b7c058c5985b2e01c11a76384cf4ede41fc6580
data/raw/cardboard/cardboard127.jpg,cardboard,0,data/raw/cardboard/cardboard127.jpg,5090e856d0fe490c802ce604fd5d186a4ead5e5b9b4b325ac728850189ac8b36
data/raw/cardboard/cardboard13.jpg,cardboard,0,data/raw/cardboard/cardboard13.jpg,e006fa15195442ce465a792c52f129b123da255ee3ce2ecf68ad688e531be659
data/raw/cardboard/cardboard132.jpg,cardboard,0,data/raw/cardboard/cardboard132.jpg,06fdb00605265afacb58e4a5d28ee093f209acb79b9703354cbcbc4a17059e91
data/raw/cardboard/cardboard133.jpg,cardboard,0,data/raw/cardboard/cardboard133.jpg,2eb0bb8ef2c6da8e6d82698f32a6c3efcd6fc4a1509e31d37f5d60445ecc45d7
data/raw/cardboard/cardboard137.jpg,cardboard,0,data/raw/cardboard/cardboard137.jpg,4d89fcb735ea15edca28d80bd5a288c97a2f169eed7ee8d3dfde62d7b22890bc
data/raw/cardboard/cardboard138.jpg,cardboard,0,data/raw/cardboard/cardboard138.jpg,7d70edc60cfb2c34a6c9d636200d39f61b0c5d7ed4a69b30b1f99cc4dfda1984
data/raw/cardboard/cardboard139.jpg,cardboard,0,data/raw/cardboard/cardboard139.jpg,5d9a890325e8be067316639d0a107166c5fa5025a693271941bfe282cc350598
data/raw/cardboard/cardboard14.jpg,cardboard,0,data/raw/cardboard/cardboard14.jpg,5cfa131c4b8ea1b8308b279b7f88027cb18d63ab24b36127f216008f9354c953
data/raw/cardboard/cardboard140.jpg,cardboard,0,data/raw/cardboard/cardboard140.jpg,5c07ab0e59bbf265410c979526ab9b388b28a5fd5fe93fa7d713ed96954ba7f4
data/raw/cardboard/cardboard142.jpg,cardboard,0,data/raw/cardboard/cardboard142.jpg,4cb2df483ca108f9625290f9f10b6aa5eefbf3bc9fb11e9f75804c14d2fe17be
data/raw/cardboard/cardboard144.jpg,cardboard,0,data/raw/cardboard/cardboard144.jpg,10ceb0bffebd2fa284a0bd4000dfb9a0ee68af5412279cedcb414300be18161a
data/raw/cardboard/cardboard147.jpg,cardboard,0,data/raw/cardboard/cardboard147.jpg,3fb80051a8aa0e7682187c6f9f806154eee6862d7cd1c596cf70c226ff7c03b7
data/raw/cardboard/cardboard148.jpg,cardboard,0,data/raw/cardboard/cardboard148.jpg,6df32df3445f1fd3a9d2163bce9cd36982d755abe5c635ed5548a82812e85631
data/raw/cardboard/cardboard149.jpg,cardboard,0,data/raw/cardboard/cardboard149.jpg,8bdd9137310a29365d06b152fc545355154bd24b457fea0398e41bd045b1ebf7
data/raw/cardboard/cardboard15.jpg,cardboard,0,data/raw/cardboard/cardboard15.jpg,2e3bc470e7c2d4838739df371a850a1abadcdaa3c1d98c9f06a6c9416502910d
data/raw/cardboard/cardboard150.jpg,cardboard,0,data/raw/cardboard/cardboard150.jpg,6a3464c6a63d939cf7dfbde1b97305cbfb47dfbfb2982676dcb5896a5c137687
data/raw/cardboard/cardboard152.jpg,cardboard,0,data/raw/cardboard/cardboard152.jpg,b740093eb803b7cb8cfb25cf27d1f30bfa9d38fb67794a20b76e5bf7a1f0b32e
data/raw/cardboard/cardboard153.jpg,cardboard,0,data/raw/cardboard/cardboard153.jpg,6e4b49547daf86f258ebc12aa2bbdd574e2d77837cfa36dbca0cfa2891520f14
data/raw/cardboard/cardboard154.jpg,cardboard,0,data/raw/cardboard/cardboard154.jpg,dbfe72d71c02bb7b8656a52eaa5da5a722cca50b4c6155bff1027c45c9906a1d
data/raw/cardboard/cardboard155.jpg,cardboard,0,data/raw/cardboard/cardboard155.jpg,60d831303691885a30cee326a4a313221bd4c53c3747d6c560cc45fec749feb6
data/raw/cardboard/cardboard156.jpg,cardboard,0,data/raw/cardboard/cardboard156.jpg,7b5daf5075ffb94cc6f4e408e780ba39c65c62c4741102d793a098d745fe41c4
data/raw/cardboard/cardboard157.jpg,cardboard,0,data/raw/cardboard/cardboard157.jpg,9a6bbee24d5b0385868e0939833e6b9bda7792a169d0cf3cadb66a6fee9429c7
data/raw/cardboard/cardboard158.jpg,cardboard,0,data/raw/cardboard/cardboard158.jpg,1696ceb0931601a838034f60f36e90b802e78dc87146b0cca102afe9cc55c4f7
data/raw/cardboard/cardboard159.jpg,cardboard,0,data/raw/cardboard/cardboard159.jpg,087c11b5a5003eaabded9748b1ee459baaed56492c02cd1bcdf17587aac01233
data/raw/cardboard/cardboard16.jpg,cardboard,0,data/raw/cardboard/cardboard16.jpg,c9a105d6d78b97099ba3eb73cc839756360930b718b1d538474f64bc67d2f164
data/raw/cardboard/cardboard160.jpg,cardboard,0,data/raw/cardboard/cardboard160.jpg,14d11e57928a1db1778bc6731d4fab8746cef8224fb13f95ced869e614c8f1e3
data/raw/cardboard/cardboard161.jpg,cardboard,0,data/raw/cardboard/cardboard161.jpg,5d2e969d3a067cf79834da828870e513a0e99428c6de513f14586c5d47a297de
data/raw/cardboard/cardboard162.jpg,cardboard,0,data/raw/cardboard/cardboard162.jpg,d89184da82f070e7b41f440bf1998dcd79cf20f27de0fd5f48f92d89d71de15d
data/raw/cardboard/cardboard163.jpg,cardboard,0,data/raw/cardboard/cardboard163.jpg,458ac3217efd4424d16c41de6cbc367124594a43c8c8d988f733b007c31a4455
data/raw/cardboard/cardboard164.jpg,cardboard,0,data/raw/cardboard/cardboard164.jpg,446a1f224747b2056f5fe0bf50903519608e559fd1ce7ecad8aaf3ad7077bd97
data/raw/cardboard/cardboard166.jpg,cardboard,0,data/raw/cardboard/cardboard166.jpg,1a6498eb76db159d786146ea850b90b628d4dce34144e856863f804194ee6347
data/raw/cardboard/cardboard167.jpg,cardboard,0,data/raw/cardboard/cardboard167.jpg,aeef14b55de1b144084e8c760d2353476589ab96310af05ab3efc395eabf2fb4
data/raw/cardboard/cardboard169.jpg,cardboard,0,data/raw/cardboard/cardboard169.jpg,a6b0a3670259dd8027b06e87ae292e8eca1c87634d785e8949a42c7d19709f04
data/raw/cardboard/cardboard173.jpg,cardboard,0,data/raw/cardboard/cardboard173.jpg,d886f1cb47cd1c4e22bbd89c058932961e1e872be7540f2e7cca1a5f2fb289b8
data/raw/cardboard/cardboard174.jpg,cardboard,0,data/raw/cardboard/cardboard174.jpg,c00c0deac6ea17c761be9345f20b4d96f4c6c6c3818d55ce94af252aa4bc611e
data/raw/cardboard/cardboard175.jpg,cardboard,0,data/raw/cardboard/cardboard175.jpg,d4af0e938445156556763cb843543edde80b739fbdececcca278c48dd9368d8b
data/raw/cardboard/cardboard176.jpg,cardboard,0,data/raw/cardboard/cardboard176.jpg,9731e15505d08076b916b3ee126d4f834d151e0a258cc6f2113600a07aec2f8c
data/raw/cardboard/cardboard177.jpg,cardboard,0,data/raw/cardboard/cardboard177.jpg,8aa23475abf49b4b68b3f3b1c9d6baeabe834d4e90b37a63cecbecaf07776c36
data/raw/cardboard/cardboard179.jpg,cardboard,0,data/raw/cardboard/cardboard179.jpg,be36636033d78b61ddbbbdecccfcb0537380e04eb84121289268018fb0827b9c
data/raw/cardboard/cardboard18.jpg,cardboard,0,data/raw/cardboard/cardboard18.jpg,c4e683190b4d8634e9c7030e178eef58b07d09ad68c1ecbd9eb55dad02364360
data/raw/cardboard/cardboard180.jpg,cardboard,0,data/raw/cardboard/cardboard180.jpg,d0d33e05ddf5a1464af7d3ceed2d30dc161bdd7ac140402020091087c4e6f6d9
data/raw/cardboard/cardboard183.jpg,cardboard,0,data/raw/cardboard/cardboard183.jpg,8746597e062e9897fd53526a66c5ac35c2aefca4ca2c5e6cf3f928b87362e55d
data/raw/cardboard/cardboard184.jpg,cardboard,0,data/raw/cardboard/cardboard184.jpg,d46cb1df29467b1ab46333d2a838225aa1f40af0164c54ba97630df53c926ed9
data/raw/cardboard/cardboard186.jpg,cardboard,0,data/raw/cardboard/cardboard186.jpg,bab81c8185b5066823d5784139e56e3a91828ecafb0dc1b3c6c0bbd68804c8c1
data/raw/cardboard/cardboard187.jpg,cardboard,0,data/raw/cardboard/cardboard187.jpg,2d92e10fe0efb5cb4b68e2ddb150cd7ff5e21ef770972c71d6b8432823447e05
data/raw/cardboard/cardboard188.jpg,cardboard,0,data/raw/cardboard/cardboard188.jpg,294aa55989decf8a64e054f4b880897e11b310007655fee733a6d25c3187bc95
data/raw/cardboard/cardboard189.jpg,cardboard,0,data/raw/cardboard/cardboard189.jpg,bcccb2b46dbd0b8027dff07ff120d9a3a27e5ddf8128de027af8f681c7f79211
data/raw/cardboard/cardboard19.jpg,cardboard,0,data/raw/cardboard/cardboard19.jpg,7b87232d430de1f8e8b17559075f03b73ee2eb550d6c61544281d57657740034
data/raw/cardboard/cardboard190.jpg,cardboard,0,data/raw/cardboard/cardboard190.jpg,088abe8da4601c733f63ab5ac545693835a927ae20a66c49e6906ac7ff157bd2
data/raw/cardboard/cardboard191.jpg,cardboard,0,data/raw/cardboard/cardboard191.jpg,2b82e19cb55b982d291c8838f84c7e4d3639013727fc814fe4aa7589f20fadad
data/raw/cardboard/cardboard192.jpg,cardboard,0,data/raw/cardboard/cardboard192.jpg,d88df2bceff6f2702c550f6f78e64eb598a9fb961222f83de9ede85fea44fc45
data/raw/cardboard/cardboard193.jpg,cardboard,0,data/raw/cardboard/cardboard193.jpg,121f732624ef127b41164313832909f2fb582583f035112c8232bc421e29a5b0
data/raw/cardboard/cardboard194.jpg,cardboard,0,data/raw/cardboard/cardboard194.jpg,7273c1134c973d5bf88c0a1b1e5b38098ad224883c866e48d9d45a1f8fd32f58
data/raw/cardboard/cardboard195.jpg,cardboard,0,data/raw/cardboard/cardboard195.jpg,02d2fd8bf5530e970dbef1107cee1a731c781a838d61174953a3d171963f5d94
data/raw/cardboard/cardboard196.jpg,cardboard,0,data/raw/cardboard/cardboard196.jpg,2e2814038c3594bb3d50fa40a8a4763ad9087a2b53e21c061f51d7cf0a90b78b
data/raw/cardboard/cardboard197.jpg,cardboard,0,data/raw/cardboard/cardboard197.jpg,0fabbacd1a327ee0220db83ada47c24b77645a6bee64aa5969b8e2ad9dee98f5
data/raw/cardboard/cardboard198.jpg,cardboard,0,data/raw/cardboard/cardboard198.jpg,d348d8b5c733bbc3fe31c40bcf57999eedfbfd6aee6184b73d33f1e0d62a3b9c
data/raw/cardboard/cardboard2.jpg,cardboard,0,data/raw/cardboard/cardboard2.jpg,c368bda01fcf3d9cb13cb16062bbbf5c96843ceb905e730fa9d69f533b318d7e
data/raw/cardboard/cardboard20.jpg,cardboard,0,data/raw/cardboard/cardboard20.jpg,836a0b77bcf24950f06b5c69dfe84079f208f12dfcd2aa9b1970b81f3f78e4e2
data/raw/cardboard/cardboard200.jpg,cardboard,0,data/raw/cardboard/cardboard200.jpg,235a53570abbad7adcb2901ead6d7385e36c679f1a3aa7bce179a641d4d1a873
data/raw/cardboard/cardboard202.jpg,cardboard,0,data/raw/cardboard/cardboard202.jpg,a6d3fd0f1fe12e064594e598ea1ebf4bf2357d3aeb657aff74302b129f003664
data/raw/cardboard/cardboard203.jpg,cardboard,0,data/raw/cardboard/cardboard203.jpg,21fca9f2141321b5856dd917ef588b9c60dd431e6435169d6120e4dac61c820d
data/raw/cardboard/cardboard204.jpg,cardboard,0,data/raw/cardboard/cardboard204.jpg,bde9127611fc86b82d3a0d620dd75227b627d6813fa8d56f026e18f00669015e
data/raw/cardboard/cardboard205.jpg,cardboard,0,data/raw/cardboard/cardboard205.jpg,cb18509203c2d290dfd7f7c89b371499e85eaaf6c1681dcb31c0548588c28429
data/raw/cardboard/cardboard207.jpg,cardboard,0,data/raw/cardboard/cardboard207.jpg,0d19e7e6ef97e06bae787b9283eaa8f08df88b9b653e5be0e9ff75720d0239fb
data/raw/cardboard/cardboard208.jpg,cardboard,0,data/raw/cardboard/cardboard208.jpg,74ae98f30f3dd02757ac78fd7a4f111f777e612d3ea85a2788c0158dca01c0e8
data/raw/cardboard/cardboard209.jpg,cardboard,0,data/raw/cardboard/cardboard209.jpg,52b6c183732b04bd232645f5e8685c19280dbc2f0ce9725b156b472924183cb5
data/raw/cardboard/cardboard21.jpg,cardboard,0,data/raw/cardboard/cardboard21.jpg,d701faf2b056316b6198b2e5e07030b2308e8474d4cf30e9543728591f2acbda
data/raw/cardboard/cardboard210.jpg,cardboard,0,data/raw/cardboard/cardboard210.jpg,4aadc37b0c115185220dd1d207fa5bc3633c93cb09c5fd193b19b3f10e0be0a9
data/raw/cardboard/cardboard213.jpg,cardboard,0,data/raw/cardboard/cardboard213.jpg,b3c979a3f4b7246548b51ee34782dfab7e146a569511f62bca9b11701460c951
data/raw/cardboard/cardboard214.jpg,cardboard,0,data/raw/cardboard/cardboard214.jpg,7c74d1ef9a2e93b9cda080c26d33235e3a94864e3fb5bc00e098ab5afe87ca4a
data/raw/cardboard/cardboard216.jpg,cardboard,0,data/raw/cardboard/cardboard216.jpg,ce928b2777c2f4ead19f07cb8e673cff4b9b8f3b7472d2d3a184c6e6d8aaae41
data/raw/cardboard/cardboard217.jpg,cardboard,0,data/raw/cardboard/cardboard217.jpg,3f5fba27f5c8a3e46bdbcbccb8e42ff38514e6bd5b6ac3aac96a8d44a05e52ea
data/raw/cardboard/cardboard218.jpg,cardboard,0,data/raw/cardboard/cardboard218.jpg,189f3c6c3c086d1c64a557be1206c99c7867c49cb890ac9e3890f8c4b5a64546
data/raw/cardboard/cardboard219.jpg,cardboard,0,data/raw/cardboard/cardboard219.jpg,2a0b62fda0ff643a92fea69f05c0c1d6bb75d8f11e93b684b6eb052337e89334
data/raw/cardboard/cardboard224.jpg,cardboard,0,data/raw/cardboard/cardboard224.jpg,6bc53f23fa43a458e30a2f3b75ddc6eda6c02d2d2557f3034291840ccce35ddd
data/raw/cardboard/cardboard225.jpg,cardboard,0,data/raw/cardboard/cardboard225.jpg,315ebaad65063f231a4d92ec7079a65f4d3ce88b89727c36be32ad807653e36c
data/raw/cardboard/cardboard226.jpg,cardboard,0,data/raw/cardboard/cardboard226.jpg,ce76dce4cb943e15ab516ae2b71f241ad19426b8dd6f26c30dd67ccf5d233f73
data/raw/cardboard/cardboard227.jpg,cardboard,0,data/raw/cardboard/cardboard227.jpg,5b32ba74f6f497a7160d1a97b163905fe75407c71a909e566ae5c7b4f24f677a
data/raw/cardboard/cardboard228.jpg,cardboard,0,data/raw/cardboard/cardboard228.jpg,b41f4388df1476e62b5c2bf9b568764a3a74d3ae45a3bcb7a1ad03b493fa9c0b
data/raw/cardboard/cardboard229.jpg,cardboard,0,data/raw/cardboard/cardboard229.jpg,2ad343008c70f6944bfa9c17e20d739957622803e62c54b9ccc0e27bbf4ab3b2
data/raw/cardboard/cardboard23.jpg,cardboard,0,data/raw/cardboard/cardboard23.jpg,6d0a8b0300bf3bb64274dc4752b94438a4f20100e6aaffcc731d12388811bb49
data/raw/cardboard/cardboard230.jpg,cardboard,0,data/raw/cardboard/cardboard230.jpg,f7de0d793e463836ef67fe1c48d501b5bbc33ed6f3018aff502b539569fc4045
data/raw/cardboard/cardboard231.jpg,cardboard,0,data/raw/cardboard/cardboard231.jpg,24a795211199b3e25140dd3d856b8d306d4f16078fc828587d70d03b4b273de4
data/raw/cardboard/cardboard233.jpg,cardboard,0,data/raw/cardboard/cardboard233.jpg,1cf3b1a8e31d787ec92f311f8cee8e6b8112d07e43a4bab02403515ee86da762
data/raw/cardboard/cardboard235.jpg,cardboard,0,data/raw/cardboard/cardboard235.jpg,d550d9d6c2b831d3dee5bb985a259a4f872df22baaf2a1e04113350e54a2e264
data/raw/cardboard/cardboard236.jpg,cardboard,0,data/raw/cardboard/cardboard236.jpg,acb9a6c78aa943b8a65dbdd1a86494a863639240370bdf43450bf9de07ee6624
data/raw/cardboard/cardboard238.jpg,cardboard,0,data/raw/cardboard/cardboard238.jpg,3e8809962ba990c69e8e5cf5f85e13a720c32b59ce530b4757caa260778319af
data/raw/cardboard/cardboard24.jpg,cardboard,0,data/raw/cardboard/cardboard24.jpg,731d84161364895186464acd03ea91fcf8b1ce794d5c119bd0bcabcaa550fbf6
data/raw/cardboard/cardboard240.jpg,cardboard,0,data/raw/cardboard/cardboard240.jpg,705d5ab527ee3ddec7d11f20471fa197839774ba54514afbc0eb2226b9bf8916
data/raw/cardboard/cardboard241.jpg,cardboard,0,data/raw/cardboard/cardboard241.jpg,6becd18d976d5b709d4138adcb3dfe4030b75c939a1d08fad9c94e75a26baa81
data/raw/cardboard/cardboard242.jpg,cardboard,0,data/raw/cardboard/cardboard242.jpg,085d315f8e07cc02331078e9eec61642a2b69101b20e234ceb69e2e6535680cf
data/raw/cardboard/cardboard243.jpg,cardboard,0,data/raw/cardboard/cardboard243.jpg,f9bf17f7469d89fe014d0ff258ae374b308788162677874c01d8e626b13dae5b
data/raw/cardboard/cardboard245.jpg,cardboard,0,data/raw/cardboard/cardboard245.jpg,27c5990593a694d2efada37217663b621c2475cd8333d0070cba01c828887d2a
data/raw/cardboard/cardboard246.jpg,cardboard,0,data/raw/cardboard/cardboard246.jpg,82a332a37e0b03c24482b8478781ed1467ee7843bf807cab5165242d823d98f8
data/raw/cardboard/cardboard247.jpg,cardboard,0,data/raw/cardboard/cardboard247.jpg,688cfe07fa8a383f41cac090792207d77aba6987538218753058d836e0772b71
data/raw/cardboard/cardboard248.jpg,cardboard,0,data/raw/cardboard/cardboard248.jpg,43f7d35bcfd1392405f5e3e3d3a8cda18edeca51644c1a1afe44592a6e60d383
data/raw/cardboard/cardboard25.jpg,cardboard,0,data/raw/cardboard/cardboard25.jpg,3d52014c2951d04cf94cebb05398f782e76614a815da114f6f0b925c7d5d0444
data/raw/cardboard/cardboard250.jpg,cardboard,0,data/raw/cardboard/cardboard250.jpg,db13544f3b344b8f49b2c2da857ad0aabe503fbae3a08c7ac4526bd86ea27a1b
data/raw/cardboard/cardboard251.jpg,cardboard,0,data/raw/cardboard/cardboard251.jpg,58e9bceb219ae9f7632c08199b4e475b59bb03cf9fbae1b3649e51c98b10e0e2
data/raw/cardboard/cardboard252.jpg,cardboard,0,data/raw/cardboard/cardboard252.jpg,ead1cfb68da63ff271df2470e15394502bcbf1b65b13f55ea66447077895bd4a
data/raw/cardboard/cardboard253.jpg,cardboard,0,data/raw/cardboard/cardboard253.jpg,3facd5e43ff1d5a9868bdb443b23967aebf11d2361e706b09857d8e5bdc06436
data/raw/cardboard/cardboard254.jpg,cardboard,0,data/raw/cardboard/cardboard254.jpg,e9a6dac80da0113821417577293902328611a143698e4390a0b0cb40170f28bb
data/raw/cardboard/cardboard255.jpg,cardboard,0,data/raw/cardboard/cardboard255.jpg,5180641ce08953111aebef2cd06547461b0867530e70d509cf66b2ea8860c267
data/raw/cardboard/cardboard257.jpg,cardboard,0,data/raw/cardboard/cardboard257.jpg,6a9b724d039aefa9c1ff60ba61bb773cb30bbb79c230f133b0817627d07aee44
data/raw/cardboard/cardboard258.jpg,cardboard,0,data/raw/cardboard/cardboard258.jpg,bcaf9b3df55145fdbdaf69b5ec34c2b866f89cd2416ff81653a9abec7e939ccb
data/raw/cardboard/cardboard259.jpg,cardboard,0,data/raw/cardboard/cardboard259.jpg,0b10a1d8d6c09965c27c30e4f76422f8b76318acf08a02ef93b54d9616308280
data/raw/cardboard/cardboard26.jpg,cardboard,0,data/raw/cardboard/cardboard26.jpg,9a5ca9e612f1a627a4cc86dc025aed499e9c7219bf184684058c021b3ecd7971
data/raw/cardboard/cardboard260.jpg,cardboard,0,data/raw/cardboard/cardboard260.jpg,64b61897f78d65c0ee7932007c80517f94435f184e68fc3f6268598ba919cd30
data/raw/cardboard/cardboard261.jpg,cardboard,0,data/raw/cardboard/cardboard261.jpg,6a50dee7c1aaea0110dfe3483f88741407375757ff6bf34783ae2b241f13e98c
data/raw/cardboard/cardboard263.jpg,cardboard,0,data/raw/cardboard/cardboard263.jpg,da59749d8ac3a70598658f13558c4b632f968ac1a5fa4eac9af6d28278f33b18
data/raw/cardboard/cardboard265.jpg,cardboard,0,data/raw/cardboard/cardboard265.jpg,7ec50537bb0c191c59eb2187ac99ea2f143bf915a61755249487e268ff0daeae
data/raw/cardboard/cardboard268.jpg,cardboard,0,data/raw/cardboard/cardboard268.jpg,af69f4ef54e473917c663ac4ec761bbc8b054733f5eea6978d8a1a1446848d15
data/raw/cardboard/cardboard269.jpg,cardboard,0,data/raw/cardboard/cardboard269.jpg,1efc1fb34636f7858de75a33e0ceac560bcc5adf80d63cbebf1524cb44bd3889
data/raw/cardboard/cardboard270.jpg,cardboard,0,data/raw/cardboard/cardboard270.jpg,f99e6cd788b810361482e608903b05cdfdba27137a85413a3725164635cccb8d
data/raw/cardboard/cardboard271.jpg,cardboard,0,data/raw/cardboard/cardboard271.jpg,f50c13b1af91c3ee565fe5b969017c652ca350b897c2bda2ab55070b96d5bcac
data/raw/cardboard/cardboard272.jpg,cardboard,0,data/raw/cardboard/cardboard272.jpg,2e4f22b829c7ee7ea58f2245f11b3ad1424f773314c89cf3925880ba03c9b6b8
data/raw/cardboard/cardboard274.jpg,cardboard,0,data/raw/cardboard/cardboard274.jpg,2a5936d0ecd31b7ca320925993fa0b0cfb561803a1407c57ad627c996ae8a7f7
data/raw/cardboard/cardboard276.jpg,cardboard,0,data/raw/cardboard/cardboard276.jpg,d0933f3b77f8a7ff2f269a6fdb641fe22c94bb06a4ee54099cc5761d48b73fed
data/raw/cardboard/cardboard277.jpg,cardboard,0,data/raw/cardboard/cardboard277.jpg,6cea49417728035fce0f47ea18e26565ea26197df31f1cb31266d6b0593892e7
data/raw/cardboard/cardboard278.jpg,cardboard,0,data/raw/cardboard/cardboard278.jpg,eeb7a8c4f9e60d5ae0d5a2e50d221ddf22c5c25b668f9c52146eb3b92f39878a
data/raw/cardboard/cardboard279.jpg,cardboard,0,data/raw/cardboard/cardboard279.jpg,90cc4f1fa51b32bb82637b946ef03a11152ac9c6a4348f4dc3eb5b2eec7f203f
data/raw/cardboard/cardboard28.jpg,cardboard,0,data/raw/cardboard/cardboard28.jpg,3a0e12d4d8e11d8d37f4404a56e4e675cb87f17146449a5e0c779db8035c5641
data/raw/cardboard/cardboard280.jpg,cardboard,0,data/raw/cardboard/cardboard280.jpg,c34dc0814f96979e3df5383522338a06d370d3cd60004ba1829bcd0e6f4d7417
data/raw/cardboard/cardboard282.jpg,cardboard,0,data/raw/cardboard/cardboard282.jpg,b109571aaa56f308851fd848e61484c62477c0082e9420d2a6966e0c96dbffb1
data/raw/cardboard/cardboard283.jpg,cardboard,0,data/raw/cardboard/cardboard283.jpg,e9efede53192ffd5126cb11ce465ffcc102a3fb65120c3e0663b2f2ce18cb74e
data/raw/cardboard/cardboard284.jpg,cardboard,0,data/raw/cardboard/cardboard284.jpg,693c859854fcb31de06bda96dc635d92df3cad0e8204ee246bd94674dfe54c35
data/raw/cardboard/cardboard286.jpg,cardboard,0,data/raw/cardboard/cardboard286.jpg,1a9a65f62c99390c99e17c3b929ecc449f88e3586721b0e2113834336395a0f1
data/raw/cardboard/cardboard287.jpg,cardboard,0,data/raw/cardboard/cardboard287.jpg,0fb29fab42bce798a7d4731ba232acfc60f96096c5beb59160714ee1ab8e7c0d
data/raw/cardboard/cardboard288.jpg,cardboard,0,data/raw/cardboard/cardboard288.jpg,cbca9e105606e20b8c361a09798bb07c02397325d6886561c6f4f2ec26027e28
data/raw/cardboard/cardboard289.jpg,cardboard,0,data/raw/cardboard/cardboard289.jpg,4f7cf4831d43996b4aa3483c887e5cfec080c650f45618ab21f93fecd034bfc3
data/raw/cardboard/cardboard29.jpg,cardboard,0,data/raw/cardboard/cardboard29.jpg,a90c9f2ee92075b333d024f9a63148b59fa4ea79c7bdfc4eb8e80c4bda89b9ad
data/raw/cardboard/cardboard290.jpg,cardboard,0,data/raw/cardboard/cardboard290.jpg,9cf5da54b456fc68cdaa5ed5ef415bcba50a4a95e220b01aaf9bd1dc05f8ce2b
data/raw/cardboard/cardboard291.jpg,cardboard,0,data/raw/cardboard/cardboard291.jpg,5d7229ce799f48fa99a4e674129e0c8fde2969641d44bdd931a2254fcec4128f
data/raw/cardboard/cardboard295.jpg,cardboard,0,data/raw/cardboard/cardboard295.jpg,41ee3fc020aa9b670f392a81dba3dd965cf2bd79762b61fdb508f5ab79e2d55e
data/raw/cardboard/cardboard296.jpg,cardboard,0,data/raw/cardboard/cardboard296.jpg,21c3c200b36649b8790df2a1ec57c2da2643db3c32e051cd4583aec9b450f5cd
data/raw/cardboard/cardboard298.jpg,cardboard,0,data/raw/cardboard/cardboard298.jpg,c858b0ac1ea6378015f8c05c62394d5ec16c0890dd2ddd4403259b1d764560c8
data/raw/cardboard/cardboard299.jpg,cardboard,0,data/raw/cardboard/cardboard299.jpg,66b0eb2c973b01fcd6a0853047d52f76cdb6f97428e1c10e8ef68b6df7414b12
data/raw/cardboard/cardboard301.jpg,cardboard,0,data/raw/cardboard/cardboard301.jpg,7dac1be538d66c303f6c767c4ceec8a065e6404aa606b6df3fc7b554e4fb5f5b
data/raw/cardboard/cardboard302.jpg,cardboard,0,data/raw/cardboard/cardboard302.jpg,4d31e3fbbcae76e4735880af8e8dc3f52d70835d7437b0c698a50dbdf5d590dc
data/raw/cardboard/cardboard303.jpg,cardboard,0,data/raw/cardboard/cardboard303.jpg,0d8e4333a63dd90e6312acb99840d7ea42c0ae632b9cc269703235a6afcd445f
data/raw/cardboard/cardboard304.jpg,cardboard,0,data/raw/cardboard/cardboard304.jpg,ad9125050e6d448ce7acc3db28b7a0ff3b8c05438276d1752608fe83e09e174e
data/raw/cardboard/cardboard306.jpg,cardboard,0,data/raw/cardboard/cardboard306.jpg,216d0a8818c95e559ded0f4671401ff7923b6c3141dea7497e5022e65bed4260
data/raw/cardboard/cardboard307.jpg,cardboard,0,data/raw/cardboard/cardboard307.jpg,d7923c86af0b7870a618b7d8f53cc11094d0250b8ec67bcb4cc6f6bd1cf15b9e
data/raw/cardboard/cardboard309.jpg,cardboard,0,data/raw/cardboard/cardboard309.jpg,8eadae8cdf1cb45d4755b05571d5400ef4d2daf6297d4d6a55eca9e4fc01b802
data/raw/cardboard/cardboard31.jpg,cardboard,0,data/raw/cardboard/cardboard31.jpg,c236abb3035210d316970d34bab994d39facac9be0a17ef8351dc0fd0c9dcd9d
data/raw/cardboard/cardboard312.jpg,cardboard,0,data/raw/cardboard/cardboard312.jpg,c0e6c7503a7da3f833f1cce19c0e4aecb29fc49a55503d4e438eefb810f96173
data/raw/cardboard/cardboard313.jpg,cardboard,0,data/raw/cardboard/cardboard313.jpg,599b5806792a91633a29552b7c7d041a38dc2bafc47d9a198a14fbf64ea74cb5
data/raw/cardboard/cardboard315.jpg,cardboard,0,data/raw/cardboard/cardboard315.jpg,3f35afdf48a24f5233f1e1f7a8711b108f806a00f1d012643a732a01ea004820
data/raw/cardboard/cardboard316.jpg,cardboard,0,data/raw/cardboard/cardboard316.jpg,60e0336f708ac59f5554a28e05f655b6c7d8f2878556f341de6253bd94543824
data/raw/cardboard/cardboard317.jpg,cardboard,0,data/raw/cardboard/cardboard317.jpg,9ee00b4d9ea88e330ec53523c2dea1b780385dd28690b76f1ae871138802bc3c
data/raw/cardboard/cardboard318.jpg,cardboard,0,data/raw/cardboard/cardboard318.jpg,352bd249d8783b2b576e8d95ad3bc2b1b44161004de7c1b4e77af1ef5c41d185
data/raw/cardboard/cardboard319.jpg,cardboard,0,data/raw/cardboard/cardboard319.jpg,b65499a31b3227a11cf6ed1143c12d54ddd51424f4b2906bb38ad76d26dec885
data/raw/cardboard/cardboard32.jpg,cardboard,0,data/raw/cardboard/cardboard32.jpg,72af894b22fdee442ea31c705eaf6b4f1e65d0f692c5c65379d1cfd2fe4db21e
data/raw/cardboard/cardboard320.jpg,cardboard,0,data/raw/cardboard/cardboard320.jpg,334bdb99d42e0956314413ccc65d70b8663a942612a9373bd2b8c3153b8a6caf
data/raw/cardboard/cardboard321.jpg,cardboard,0,data/raw/cardboard/cardboard321.jpg,904d117504cb0f5bd28dc898fdf13c5a66273c103a97390ed84434151797dca2
data/raw/cardboard/cardboard322.jpg,cardboard,0,data/raw/cardboard/cardboard322.jpg,d3883ce118f2e6e671abe8bedb60624b33268aada4745ca60b91b1d3731e571e
data/raw/cardboard/cardboard323.jpg,cardboard,0,data/raw/cardboard/cardboard323.jpg,c2d9ca1f7a33c086de846f04c9cc755c70dedd8ee44f92ab35ce4d3192cbf38a
data/raw/cardboard/cardboard324.jpg,cardboard,0,data/raw/cardboard/cardboard324.jpg,79b166ce55a07d1694d143cfabc6e07dd817c4541c85b079d80ac0819b29fbfd
data/raw/cardboard/cardboard325.jpg,cardboard,0,data/raw/cardboard/cardboard325.jpg,ffbdf7c4ccb857bc8eb6f1626a8c761b47d3471caea41f73f95637a6a1173685
data/raw/cardboard/cardboard327.jpg,cardboard,0,data/raw/cardboard/cardboard327.jpg,cf3ca7021af61d06c5baf94e3974acd09df0f7ac5168c588f89b094dbebe8167
data/raw/cardboard/cardboard33.jpg,cardboard,0,data/raw/cardboard/cardboard33.jpg,7ee288c8ffaf785aa8ca468ed3688ffd0524b26bcf3409692ac74e6fa92e1cdd
data/raw/cardboard/cardboard330.jpg,cardboard,0,data/raw/cardboard/cardboard330.jpg,60e7b4e2b0ac8b39a6494d4f49bf9c37515fee5a8b2154cf079501971b4498d2
data/raw/cardboard/cardboard332.jpg,cardboard,0,data/raw/cardboard/cardboard332.jpg,bcb4217c513c71a3ef74a282274a3617fb997da61c8d083f451ef0a266594940
data/raw/cardboard/cardboard335.jpg,cardboard,0,data/raw/cardboard/cardboard335.jpg,5239b67ff27fe06ed865e6cb7d43e99116e2b330e41980a67da26170312b72a1
data/raw/cardboard/cardboard336.jpg,cardboard,0,data/raw/cardboard/cardboard336.jpg,ba24f78e408489720c9f0410d406ab49fe66379e6c4a09b7a554266db50b632a
data/raw/cardboard/cardboard337.jpg,cardboard,0,data/raw/cardboard/cardboard337.jpg,fc9b771a9b4ae60823fde39497a4facd82926d13b51c0c851aeb6bd26bec2f14
data/raw/cardboard/cardboard338.jpg,cardboard,0,data/raw/cardboard/cardboard338.jpg,8170427a6cfad81f832c9492b919dbc4400c808fbd5d077a00ff40dffedf2d87
data/raw/cardboard/cardboard339.jpg,cardboard,0,data/raw/cardboard/cardboard339.jpg,8f61c28b7a3cafa66e3c9a2ff6c818c288a8f31f21ad69f85135b04447060b04
data/raw/cardboard/cardboard34.jpg,cardboard,0,data/raw/cardboard/cardboard34.jpg,982207d4815396370f8b1db6bcf2aa9fe1c10daf873ef31e0a94e712e21df398
data/raw/cardboard/cardboard340.jpg,cardboard,0,data/raw/cardboard/cardboard340.jpg,69ffc7f99383b36f83c97078dc696ad1c56e402f368de0e9d00f85602c5b0226
data/raw/cardboard/cardboard341.jpg,cardboard,0,data/raw/cardboard/cardboard341.jpg,8d78685afa2d683c03a94711f9d0f6292e4deed5abdcd0ba7b3f5582fe601d6a
data/raw/cardboard/cardboard342.jpg,cardboard,0,data/raw/cardboard/cardboard342.jpg,be001a7b04e7181e07a4bc372628114d44bcd4444ff9fd6a0db9de7f4867a227
data/raw/cardboard/cardboard343.jpg,cardboard,0,data/raw/cardboard/cardboard343.jpg,257611cab3bdb086ace64cb249436bb66da6a52ac2fc292a2b8a74b62b49c768
data/raw/cardboard/cardboard344.jpg,cardboard,0,data/raw/cardboard/cardboard344.jpg,29717507e973bbdd88947ef1e867f2ff29dfc65e15287cbecae1a9440c7b25a5
data/raw/cardboard/cardboard347.jpg,cardboard,0,data/raw/cardboard/cardboard347.jpg,f4bb139bf1fbbda71918f0ca7b480fdc487db5ce2aebf22b63f664e38dea356c
data/raw/cardboard/cardboard348.jpg,cardboard,0,data/raw/cardboard/cardboard348.jpg,4e53d96fadcef283a1b30bbc0b76ddb811b90a844bbb7dfd8eb30ff92470c982
data/raw/cardboard/cardboard349.jpg,cardboard,0,data/raw/cardboard/cardboard349.jpg,163aa7dcc4a05bbab15c462392b9806b5a064ab1c606ea103c96262f044658ce
data/raw/cardboard/cardboard35.jpg,cardboard,0,data/raw/cardboard/cardboard35.jpg,881027a86eaf5e514e18af4e0738603b416d60c4099c55d448f618737ff448da
data/raw/cardboard/cardboard351.jpg,cardboard,0,data/raw/cardboard/cardboard351.jpg,d1ea540ae48743c2d49eeb92a92f1a9dd42719f7ca461be64c29ffe7fff05462
data/raw/cardboard/cardboard352.jpg,cardboard,0,data/raw/cardboard/cardboard352.jpg,06ed07ee05770c9b54c0bb775e50183a898985c514ec191ad00432c0bae46583
data/raw/cardboard/cardboard353.jpg,cardboard,0,data/raw/cardboard/cardboard353.jpg,9bb88f6c16fd5944403a0e9da568e1908301422d5908b2b4af99cf50db12c504
data/raw/cardboard/cardboard354.jpg,cardboard,0,data/raw/cardboard/cardboard354.jpg,e77d22b4f9e1fb34f7f288b59b260b76ada6d73cb1764d5a62208e981c6a2a6a
data/raw/cardboard/cardboard355.jpg,cardboard,0,data/raw/cardboard/cardboard355.jpg,d59a4102cd59f11f979bf7d8a20b83059d73c7447379b8be663912515c8bf0e1
data/raw/cardboard/cardboard36.jpg,cardboard,0,data/raw/cardboard/cardboard36.jpg,3e69c4338acd879596b5c97185f04de6d09725f6273485154db96173aecd54f2
data/raw/cardboard/cardboard361.jpg,cardboard,0,data/raw/cardboard/cardboard15.jpg,6a62bee00c5bbe0670670e965aa1295eb6919c8808a08ca19202e331895b2df2
data/raw/cardboard/cardboard363.jpg,cardboard,0,data/raw/cardboard/cardboard363.jpg,9d466f391a744bf0cad368e76c5d4d02e18634f8037a014a84a927546365c7e2
data/raw/cardboard/cardboard364.jpg,cardboard,0,data/raw/cardboard/cardboard364.jpg,306d6a0f7fc048387a150f63699c79151d09dcc267e801840df7694720fc5c05
data/raw/cardboard/cardboard365.jpg,cardboard,0,data/raw/cardboard/cardboard365.jpg,3cab8da92906464c455c754c576cf7697ffb5d6ec169e7884f792f33cad264ab
data/raw/cardboard/cardboard367.jpg,cardboard,0,data/raw/cardboard/cardboard367.jpg,0c2f1933daca344522a87b444d5cac5ef2bed44da2c1d5276e21432aa2c7eae7
data/raw/cardboard/cardboard368.jpg,cardboard,0,data/raw/cardboard/cardboard368.jpg,35f9c610d3146313b087df883c8276bf97f37565de61cdc7a75c7721129e2382
data/raw/cardboard/cardboard369.jpg,cardboard,0,data/raw/cardboard/cardboard369.jpg,6eb120431a68732a016783d3b66e4f390eae8d7e961ccb7eb78cdcf0a4750477
data/raw/cardboard/cardboard37.jpg,cardboard,0,data/raw/cardboard/cardboard37.jpg,6e2373083ceeb539cbaa5dfd9937d4a42c7267390ba9083454ab7e254a43de3c
data/raw/cardboard/cardboard370.jpg,cardboard,0,data/raw/cardboard/cardboard370.jpg,9d751726e7b3a86c8c27e03984a3d10caf63df1e1479e5cc31bfb7b620b59273
data/raw/cardboard/cardboard374.jpg,cardboard,0,data/raw/cardboard/cardboard374.jpg,d73ced2cbeec5aeb982aa5063d53c22598c367b5694743e7131fe12af74e23e2
data/raw/cardboard/cardboard375.jpg,cardboard,0,data/raw/cardboard/cardboard375.jpg,9d5dbc110b3bc4ec6a14dc2ea591aeb9997d91df54c3e069ec665bd07694dc8b
data/raw/cardboard/cardboard376.jpg,cardboard,0,data/raw/cardboard/cardboard376.jpg,8ab818052aa60477936b59feaba1ad62c9a4c1afaa8c6643fdfb43b6d94ec4e0
data/raw/cardboard/cardboard377.jpg,cardboard,0,data/raw/cardboard/cardboard377.jpg,836403b50cf91c009d42c3e64ef132a4799c2808a43ce155549e4dc57cdfe446
data/raw/cardboard/cardboard378.jpg,cardboard,0,data/raw/cardboard/cardboard378.jpg,9ffa79ab146150ebf71455264c24b666a5d524301d55a2cba766d2fa71b8c476
data/raw/cardboard/cardboard380.jpg,cardboard,0,data/raw/cardboard/cardboard380.jpg,450d323adb8f48ed84871a410ba3d17e3ab51b8c3a239654541127f6a10a5e99
data/raw/cardboard/cardboard382.jpg,cardboard,0,data/raw/cardboard/cardboard382.jpg,d4bcbe962c81694fe3862ea7c6fa72c0d7ad175d17e8e4b10349144267496068
data/raw/cardboard/cardboard384.jpg,cardboard,0,data/raw/cardboard/cardboard384.jpg,4a6146e74921414e224d8b49ee1341b8847eb68d2eeb563a8265361497b6c838
data/raw/cardboard/cardboard385.jpg,cardboard,0,data/raw/cardboard/cardboard385.jpg,bd87374325ed92af0909d2b2c17cf82e485e4ace9d810ec3720a0c11a2c2b18a
data/raw/cardboard/cardboard386.jpg,cardboard,0,data/raw/cardboard/cardboard15.jpg,0a96edefa1adab48bcad66f206d7785629a5c08c1d16e957e4cb33971ac3b236
data/raw/cardboard/cardboard387.jpg,cardboard,0,data/raw/cardboard/cardboard387.jpg,7fc8374271509d01e96b9bf0408b5c96f767be1b74fa64861dd0b993fdac60d0
data/raw/cardboard/cardboard388.jpg,cardboard,0,data/raw/cardboard/cardboard388.jpg,f0799626e8bede4e00c94184d7c17516034e25932fcbdd4d82b71f8a96fd1daf
data/raw/cardboard/cardboard389.jpg,cardboard,0,data/raw/cardboard/cardboard389.jpg,a89c0cebb6f211b3da34d56832082e6bf3a1d03d0abb8d7b043a937e37eccbe1
data/raw/cardboard/cardboard39.jpg,cardboard,0,data/raw/cardboard/cardboard39.jpg,20a458f8b0ad7afb390acc577c2a88944f74bbfffbbf240b5a7dd00b35c61320
data/raw/cardboard/cardboard391.jpg,cardboard,0,data/raw/cardboard/cardboard391.jpg,1378754e2ca5c4a0b7db35f370dcc2e5a10ed5e0480b6f6f9b0ac8c788641e87
data/raw/cardboard/cardboard393.jpg,cardboard,0,data/raw/cardboard/cardboard393.jpg,36ca36eff9248b61e3087fda771b26dd2b7d79af7735ffe513e4e0e05276e0ba
data/raw/cardboard/cardboard394.jpg,cardboard,0,data/raw/cardboard/cardboard394.jpg,7967131a88d275148711ed1bd7f6940ce41e7af6aa57a50f43e91c8e430be3cc
data/raw/cardboard/cardboard395.jpg,cardboard,0,data/raw/cardboard/cardboard395.jpg,7a97a90ad526f5298c13ad8e43f92189838fddf1d525537e8bb4b9bc76d510b6
data/raw/cardboard/cardboard397.jpg,cardboard,0,data/raw/cardboard/cardboard397.jpg,f0d5be1412df388259a878f02f055c6c63f79e0326078a4ab0585df7d8daec1b
data/raw/cardboard/cardboard398.jpg,cardboard,0,data/raw/cardboard/cardboard398.jpg,6af4835c742a0137982a6c33b705d0c75ffac42d5e9d11d2debc439e2c3b2a58
data/raw/cardboard/cardboard399.jpg,cardboard,0,data/raw/cardboard/cardboard399.jpg,60495c8bc2534d43ebd44b7f4e534cc7f4c2408ced3dba5b0415e5b79cb4b007
data/raw/cardboard/cardboard4.jpg,cardboard,0,data/raw/cardboard/cardboard4.jpg,c383c12c7625ba8f8c90b16b346f8d250315b76554b7c6932e9db48cf162485a
data/raw/cardboard/cardboard400.jpg,cardboard,0,data/raw/cardboard/cardboard400.jpg,1731b5a1bb78a2b82eeb0e49085d59c4c4f8d9b0327369e322b0d28fa6b072b3
data/raw/cardboard/cardboard401.jpg,cardboard,0,data/raw/cardboard/cardboard401.jpg,85ca420c5c55e66da50252c1bd17de82408fb0909ef3eeb49573dd57f34c53ac
data/raw/cardboard/cardboard402.jpg,cardboard,0,data/raw/cardboard/cardboard402.jpg,0508c9888988e9c335d2ed849c10f4206e73bef9c2603b5fca4c73cb8d956eb4
data/raw/cardboard/cardboard403.jpg,cardboard,0,data/raw/cardboard/cardboard403.jpg,d9fb7bd8d7022f02394fe714ad0f99da54057835c1c0a22ce80953c776f1d342
data/raw/cardboard/cardboard42.jpg,cardboard,0,data/raw/cardboard/cardboard42.jpg,a1eba714981782a0b9e1543fa7fe9ae42deedc294d1c9d8f8d494fcd95b1ebfe
data/raw/cardboard/cardboard43.jpg,cardboard,0,data/raw/cardboard/cardboard43.jpg,a338a6634227b5c862884d6370e44a2df0263fe442e5d12cde76cfdd3a2f6957
data/raw/cardboard/cardboard44.jpg,cardboard,0,data/raw/cardboard/cardboard44.jpg,0adfed199fc150b2e773ac4953de42be1a5e13d4bd1fa9ac0611ea829a3d3a83
data/raw/cardboard/cardboard45.jpg,cardboard,0,data/raw/cardboard/cardboard45.jpg,fe35730eb2ae0aa2006dfb74e6c6f46ebdae0190241e4ce14225d8d205816c9b
data/raw/cardboard/cardboard47.jpg,cardboard,0,data/raw/cardboard/cardboard47.jpg,8ceb045c85ac2941ef70218acd1b0dc00024f84651973e0cc842cf992f03a49f
data/raw/cardboard/cardboard48.jpg,cardboard,0,data/raw/cardboard/cardboard48.jpg,4c3e9ba3a79aedda1f6346fb8f7ff400e9fbc2c35af71d081bc0d7a86ac55c54
data/raw/cardboard/cardboard49.jpg,cardboard,0,data/raw/cardboard/cardboard49.jpg,c3dde25c4e27a9ce16061e54d0862c7fa0af89ad957e59a955454bd6ea33ecae
data/raw/cardboard/cardboard5.jpg,cardboard,0,data/raw/cardboard/cardboard5.jpg,3a1bcbd1887b7c525cc5b1a4bf2007e221f32f17fddb6e7557da7a9b9194ad76
data/raw/cardboard/cardboard50.jpg,cardboard,0,data/raw/cardboard/cardboard50.jpg,52277ada9f5a8ad268273bd6a3bc2ed42a08a950ca3b96fff04fb31cce42bf78
data/raw/cardboard/cardboard52.jpg,cardboard,0,data/raw/cardboard/cardboard52.jpg,ea96d215a65017b5a0013b3f644518ef9a8f7faeb15d20113b68e240cfb63564
data/raw/cardboard/cardboard53.jpg,cardboard,0,data/raw/cardboard/cardboard53.jpg,e4314cc06f459255f4caebd1561f10ebe55c92ca2b70ec05dce49f099990d6c0
data/raw/cardboard/cardboard54.jpg,cardboard,0,data/raw/cardboard/cardboard54.jpg,717ddcb392be8566739f1ea3c4a5de6f66e3a4e8405e2e54c2310c8261c57d59
data/raw/cardboard/cardboard55.jpg,cardboard,0,data/raw/cardboard/cardboard55.jpg,8bd1aabedd29051527b25eaa4f3163b6c4b06af66d14da23412a8916f6c28591
data/raw/cardboard/cardboard57.jpg,cardboard,0,data/raw/cardboard/cardboard57.jpg,42eca9d4f3d04039b1fda9f02b359dfd5399d91c4e1de7a194b577e484603356
data/raw/cardboard/cardboard58.jpg,cardboard,0,data/raw/cardboard/cardboard58.jpg,57377ae353ec92a26bcb378a5b26d68910bec776600ebc486d17fb0a93bdabf9
data/raw/cardboard/cardboard59.jpg,cardboard,0,data/raw/cardboard/cardboard59.jpg,4f9771df1dd0aec9a905098a05d2a8f426adc266d532b2ed2d76800c01b95bf3
data/raw/cardboard/cardboard6.jpg,cardboard,0,data/raw/cardboard/cardboard6.jpg,3b0a8c4f56f40c65c2803095cb0e749c96f1fbda615ff23eec4fca0c0f8e1769
data/raw/cardboard/cardboard60.jpg,cardboard,0,data/raw/cardboard/cardboard60.jpg,afa0b403935cd2ae6e7eeea6403cf0c49720b0104aa6eda122189631c5995e6f
data/raw/cardboard/cardboard61.jpg,cardboard,0,data/raw/cardboard/cardboard61.jpg,f5ddc7f1e11d9192efb6618268afe867fab4546550e4a7ff2139b1698dbb2cfc
data/raw/cardboard/cardboard64.jpg,cardboard,0,data/raw/cardboard/cardboard64.jpg,fb6c8d912b1d12f2e09cb5bd597c48f3df78e7033a14e1f8c087abc28b3e3ca0
data/raw/cardboard/cardboard65.jpg,cardboard,0,data/raw/cardboard/cardboard65.jpg,488b43fd579f12007c389291a746d121e2bc5a5741cebda417b202e42ef8a7d9
data/raw/cardboard/cardboard66.jpg,cardboard,0,data/raw/cardboard/cardboard66.jpg,6d37c5a6a8d98db663efd00ec2e1d000d3f5dd31d9701e6377d49de87c37fb73
data/raw/cardboard/cardboard67.jpg,cardboard,0,data/raw/cardboard/cardboard67.jpg,cd8e7572765723c2187e3d5ccb0a2e9a0feb4b184d3d5f3ea798cb2b7683f69c
data/raw/cardboard/cardboard69.jpg,cardboard,0,data/raw/cardboard/cardboard69.jpg,d93b97232606619e72649f54c1a5a925f018bc2c94a606725a6f6045e2d76486
data/raw/cardboard/cardboard7.jpg,cardboard,0,data/raw/cardboard/cardboard7.jpg,d52a5c162cad2b925ba37e49fee6644008f70c341b286c178127c4424ca1c04b
data/raw/cardboard/cardboard70.jpg,cardboard,0,data/raw/cardboard/cardboard70.jpg,34aff6ecdb35badcdf43d49dd388103e0e17102dcb97f649a5f71fd5d6f0175b
data/raw/cardboard/cardboard71.jpg,cardboard,0,data/raw/cardboard/cardboard71.jpg,da5c633ef062700959779e2480f0bf45cd529517ba984bdf85e4e28bb1a39359
data/raw/cardboard/cardboard72.jpg,cardboard,0,data/raw/cardboard/cardboard15.jpg,bf07ebb21c8182ae7954a72a317b9fcff4cdc852bac1716f0f99c0367a60a337
data/raw/cardboard/cardboard73.jpg,cardboard,0,data/raw/cardboard/cardboard73.jpg,cd081eef211499354cc78174839d030bec4f76c196b794a4dbcaccdc0dde324a
data/raw/cardboard/cardboard74.jpg,cardboard,0,data/raw/cardboard/cardboard74.jpg,59bd90b91ea0e57f74a27fece286fea17e421fccbcb9a1a137e1141ee5b4bb69
data/raw/cardboard/cardboard75.jpg,cardboard,0,data/raw/cardboard/cardboard75.jpg,713c209d91064e700c7de99aedb0342173ec32465c313ce003e5a4931c28dc67
data/raw/cardboard/cardboard76.jpg,cardboard,0,data/raw/cardboard/cardboard76.jpg,21611cf22abe1189b1ef40c04f9794bae470937977bba35527af7270cd596f2b
data/raw/cardboard/cardboard78.jpg,cardboard,0,data/raw/cardboard/cardboard78.jpg,922a4eebb8634424a2b96f8d649cb97ef38f98bd08148f973c010edcb8c31de6
data/raw/cardboard/cardboard8.jpg,cardboard,0,data/raw/cardboard/cardboard8.jpg,ff000a600923c11b57616f7d963f81e169d1c165bd093dfe02107b15fd75238b
data/raw/cardboard/cardboard81.jpg,cardboard,0,data/raw/cardboard/cardboard81.jpg,4c77715d60b246e29ec1d99d42c8fc18cdd377cf2826136125eb4aa82eab32cb
data/raw/cardboard/cardboard83.jpg,cardboard,0,data/raw/cardboard/cardboard83.jpg,8d072e685d5097dcdf845c3a22e7464934634f9c359d33520812426acaa74790
data/raw/cardboard/cardboard86.jpg,cardboard,0,data/raw/cardboard/cardboard86.jpg,0c0f13539196d62fd91ddf05ace7a2d4d980dbc3800cb532e97f9e75362f3f8b
data/raw/cardboard/cardboard87.jpg,cardboard,0,data/raw/cardboard/cardboard87.jpg,a13c5331d62d0e1ecc819720fc039cc5d2f1c899ebe8d60b967e99b496697611
data/raw/cardboard/cardboard89.jpg,cardboard,0,data/raw/cardboard/cardboard89.jpg,25ed31f2cb519f4af3f49d1888c8ba42b97e68fa28d10d038b3e6131d0cb5d7f
data/raw/cardboard/cardboard9.jpg,cardboard,0,data/raw/cardboard/cardboard9.jpg,8f06853006f83cd1b7a6b2561ee61fbb3a4bcc287e7e26884131a0d91e9dacca
data/raw/cardboard/cardboard92.jpg,cardboard,0,data/raw/cardboard/cardboard92.jpg,c0082c81d357fc12b22b80b4d7b7f405e70dd1d2ee5ead90748a63bc3c7707db
data/raw/cardboard/cardboard93.jpg,cardboard,0,data/raw/cardboard/cardboard93.jpg,082481ed884286c4380d107d5c20ec264ad27808210a960f2d7fe1acbfaeb2ca
data/raw/cardboard/cardboard94.jpg,cardboard,0,data/raw/cardboard/cardboard94.jpg,883026ba5e84644c7e0041773091765f10dc8689fe68f556e0f174fad1cd41c2
data/raw/cardboard/cardboard95.jpg,cardboard,0,data/raw/cardboard/cardboard95.jpg,9a52a19f10f0188a54c09716c926c29bed255f32c18d068b47795b442a1336de
data/raw/cardboard/cardboard97.jpg,cardboard,0,data/raw/cardboard/cardboard97.jpg,e2bc1139aa20c14f63efd11f3afca2a59c25da2f1944bc166d5d4b045c20f024
data/raw/cardboard/cardboard99.jpg,cardboard,0,data/raw/cardboard/cardboard99.jpg,244fd7b2518017bf260f2e3a251e8adba9b1150dd0e1c0b479b16f889227da87
data/raw/glass/glass101.jpg,glass,1,data/raw/glass/glass101.jpg,9d56e6e03f7f995df99576e22433fc6733efdaf0d27e3e85e7c74c6b5c14d38c
data/raw/glass/glass103.jpg,glass,1,data/raw/glass/glass103.jpg,f9b1af5c321676c420a9ca268dee9064bf871530ae9f16a96ed99212ceaad78e
data/raw/glass/glass104.jpg,glass,1,data/raw/glass/glass104.jpg,7816a545b6bfa2d84a09ca273b21849998b88eb26ed7d855987fb00f619365b0
data/raw/glass/glass105.jpg,glass,1,data/raw/glass/glass105.jpg,f24ff61b6f2a0fafba7c476265a7a12d5a4af6d48a5fbe2e79b059da8cb4dd43
data/raw/glass/glass106.jpg,glass,1,data/raw/glass/glass106.jpg,db092d75f47c3c9d7ef9915ed78f404590ac1ada9955085dd10fd30677c4964e
data/raw/glass/glass107.jpg,glass,1,data/raw/glass/glass107.jpg,a118c8ef6673a789e1ea95e1e0257124a73b649210dedf43d56249868aff2984
data/raw/glass/glass108.jpg,glass,1,data/raw/glass/glass108.jpg,eb3ffdf15081f878165c879bf8f254d1285ce77aa29b7ff94fbcf1d831e33945
data/raw/glass/glass109.jpg,glass,1,data/raw/glass/glass109.jpg,0519ad30f76d691d2e55d6b920aeb5726da99cb839b5a44d1452a5178e109444
data/raw/glass/glass110.jpg,glass,1,data/raw/glass/glass110.jpg,82caaea4ff69677e27ee0147b95ed7b220f465a1ad543dfd2e7ed88e41c3354f
data/raw/glass/glass112.jpg,glass,1,data/raw/glass/glass112.jpg,40744cb88ba72cd24570d624727dd0d6c7ff94a6ecf813fbde0d52174acd7b84
data/raw/glass/glass113.jpg,glass,1,data/raw/glass/glass113.jpg,03dc0b4a954ae8b2a9044eb853ccb35c232b5d0bb7077c3cff09ddc1e813708d
data/raw/glass/glass114.jpg,glass,1,data/raw/glass/glass114.jpg,6098988022480b9c9b7472aed9c531d64279a3eb9f19c255b0d991458d03c7a5
data/raw/glass/glass117.jpg,glass,1,data/raw/glass/glass117.jpg,500da6c7e0fec298597b752df531ff295820f0d1faef156800eb1f259aa08aab
data/raw/glass/glass119.jpg,glass,1,data/raw/glass/glass119.jpg,915d181548f0f3c7b6749b271fd0d73c7726157b54442cae32ed35953d26558a
data/raw/glass/glass121.jpg,glass,1,data/raw/glass/glass121.jpg,726b624ca2206fa9a82d656e9b35ab893d4543850fd45df8722520f0ac37a2ed
data/raw/glass/glass122.jpg,glass,1,data/raw/glass/glass122.jpg,1f7c0e7670491a0bde248fd920d681f49b3c8ab41aacdcd32ac559ef8f4d27a3
data/raw/glass/glass124.jpg,glass,1,data/raw/glass/glass124.jpg,316177ec6eecd3def5da9a85f80236cb5802f2829a3672bee659ca6fea2c7381
data/raw/glass/glass125.jpg,glass,1,data/raw/glass/glass125.jpg,2b43bc547ce40566b8eff014c87b19f02e1705745ad0b3186e99177bae16963e
data/raw/glass/glass126.jpg,glass,1,data/raw/glass/glass126.jpg,912f44e409ee71466346bf1ef6afd2075648943be2930a0884fc00ce1d21e9f8
data/raw/glass/glass127.jpg,glass,1,data/raw/glass/glass127.jpg,bd013e93c57350fc23a0c8359567235c08bf983384dec2f3611ba177e7a77f8d
data/raw/glass/glass128.jpg,glass,1,data/raw/glass/glass128.jpg,4a4a4e2d5bab88aa1c75b92687f37caf32adff970946e999400ad398eb66693e
data/raw/glass/glass129.jpg,glass,1,data/raw/glass/glass129.jpg,d5f5b7ce86ffe3c06d42e6ba98d7a390fd576dfeebb0228ca63f1951e4d58a8e
data/raw/glass/glass13.jpg,glass,1,data/raw/glass/glass13.jpg,766244c3fe106d582e31f8ab9a38ed37b7c41248b4bc8963a06185c4a4dffe8e
data/raw/glass/glass130.jpg,glass,1,data/raw/glass/glass130.jpg,e4c44a3993914c6deb7864333de2fa1711d28ee5af2f95cd6fa2499c6f048792
data/raw/glass/glass131.jpg,glass,1,data/raw/glass/glass131.jpg,f94057ef3e2c5670c934c2f7676ccfc98f28c0670f1df1d6d529def4523f4a9f
data/raw/glass/glass132.jpg,glass,1,data/raw/glass/glass132.jpg,6f330b32fff5c12ec3b7cf9b6fc134deea9b2468ba0a339c46ea069e03a58b82
data/raw/glass/glass135.jpg,glass,1,data/raw/glass/glass135.jpg,da6da5f684a7073a2a22c2e01e1ff7fe2122bc543e28b4573be1f84a049a1f4e
data/raw/glass/glass136.jpg,glass,1,data/raw/glass/glass136.jpg,3e0867ff00914ae8338566ade7383c36ae2a0ce319c941ca1b2d12bc7ae92715
data/raw/glass/glass137.jpg,glass,1,data/raw/glass/glass137.jpg,e98f11861ca7b48fdca76cfa791301914e8c25236d20568089e841a2d0144de5
data/raw/glass/glass138.jpg,glass,1,data/raw/glass/glass138.jpg,92f556a2399516e96f5adfa879c524769fc9efeebc66960c0572e956b2ecc1da
data/raw/glass/glass14.jpg,glass,1,data/raw/glass/glass14.jpg,8bf2937d21fe919fd3e32f72b60e93d1068ef5f88c122280b2097d0b69d91332
data/raw/glass/glass140.jpg,glass,1,data/raw/glass/glass140.jpg,668d2574aca8fe37648c3b6d05df8cc0c15afcff3b7e391aa3441cc1d99c8364
data/raw/glass/glass141.jpg,glass,1,data/raw/glass/glass141.jpg,0a03e1abddfde7fb459220a2235c9ac71c5a1e425da3e15b25e4b26697f430f2
data/raw/glass/glass143.jpg,glass,1,data/raw/glass/glass143.jpg,29b5d945fee290819fe065f9672c46b79f77cf0cc9efd8a3a20fb61fc1d345cb
data/raw/glass/glass144.jpg,glass,1,data/raw/glass/glass144.jpg,3b673c0a98f66b2153983e049f2231acd197da6322ec81a5e26dc4281dcf1edd
data/raw/glass/glass145.jpg,glass,1,data/raw/glass/glass145.jpg,d65ac069201523a3e4cb1adb2748522da9e37dd422c174584761507414ffa7a2
data/raw/glass/glass146.jpg,glass,1,data/raw/glass/glass146.jpg,203050f1489b3941b808b018c627288e73a65871120a60dc172aa2846a83f4b5
data/raw/glass/glass148.jpg,glass,1,data/raw/glass/glass148.jpg,f017c4b8a62097611ce69d393a72b0abca2426d4c3b6d6d65ddb6bd73ee19c38
data/raw/glass/glass149.jpg,glass,1,data/raw/glass/glass149.jpg,ec2d7c20b64c2cb0b417b98644c7c80ce98a4946137b2955699f2e883ac4a97a
data/raw/glass/glass150.jpg,glass,1,data/raw/glass/glass150.jpg,f2146e424f059af86df1333fa3140054bbf4a119f633523a4d129157fadbfa92
data/raw/glass/glass151.jpg,glass,1,data/raw/glass/glass151.jpg,a7a226107ccdaeddbeb8e7397180d1f352ed98ac9a4ba1db83b000732a656b15
data/raw/glass/glass152.jpg,glass,1,data/raw/glass/glass152.jpg,0c7cefb069557730f9db56d0d4ee585a0dbc675721f0eea74e523466d6950136
data/raw/glass/glass154.jpg,glass,1,data/raw/glass/glass154.jpg,7b0b2410231626f2ae574750c944ac9770caa8c3492a4ea50fcf7571762686a9
data/raw/glass/glass155.jpg,glass,1,data/raw/glass/glass155.jpg,af01c6d84a461d5e396f6eefabcbfb628cd3e07ed8d2fded241a7924976695ec
data/raw/glass/glass157.jpg,glass,1,data/raw/glass/glass157.jpg,cc7e7354f7f9e59579775e989e76ffb826a2693095033eeaa373a1ea3a62402d
data/raw/glass/glass158.jpg,glass,1,data/raw/glass/glass158.jpg,d3189e6c0168e9d3e173a1a5f1b39ffc1b0897d142fa9ac5cf8c0ec1f0e9fd59
data/raw/glass/glass160.jpg,glass,1,data/raw/glass/glass160.jpg,ba551bcd81aee13427047c07da6d014c184b218a4c2e481280cf79f062288308
data/raw/glass/glass162.jpg,glass,1,data/raw/glass/glass162.jpg,0112afaa0a92911ec345fbf99723dad11d1b7005cb0d923b2526cb4cb33cc56c
data/raw/glass/glass163.jpg,glass,1,data/raw/glass/glass163.jpg,95851206148705a6ba4b7df6f0b8d094e47b8053930fc5da8a5fdd46876c2b24
data/raw/glass/glass164.jpg,glass,1,data/raw/glass/glass164.jpg,7287c17e4d8307821352305955132d29484797c3b61363ed2c8b961e8907b4d9
data/raw/glass/glass165.jpg,glass,1,data/raw/glass/glass165.jpg,14f4d3594f588ff75368975e954cbe0383e63b5b7444bdd477924b6576f2c29c
data/raw/glass/glass166.jpg,glass,1,data/raw/glass/glass166.jpg,37b39b89ac20b1e95790047208d505c94e11284d100b2005bf27fb297b278e3e
data/raw/glass/glass167.jpg,glass,1,data/raw/glass/glass167.jpg,70749dbea65d0c7a0fcffd756af389a0dc508b2e9c92613b2e6826673ca778f4
data/raw/glass/glass168.jpg,glass,1,data/raw/glass/glass168.jpg,bd31e2440417fd22ed539ff5164b80269d163ffff1b48a2c99df3e4aed9bf52e
data/raw/glass/glass17.jpg,glass,1,data/raw/glass/glass17.jpg,c06ce955331258f5f0b97c2e01c07915bc0f37d2cf45c32796e04788c2605126
data/raw/glass/glass170.jpg,glass,1,data/raw/glass/glass170.jpg,4b1396d54ca62643c1a7a5ccf3bae8ba0e880551c13e3f61d391ba608bcfcee0
data/raw/glass/glass171.jpg,glass,1,data/raw/glass/glass171.jpg,3884af902ca01c8ee80ddd364d0f8a59c10946f545fc6a7ec32c71016ccc7b45
data/raw/glass/glass172.jpg,glass,1,data/raw/glass/glass172.jpg,aaf789bac9bdad7cb409a3733ada74c80e76eefa58fd415aa70cbdd159e9bd72
data/raw/glass/glass177.jpg,glass,1,data/raw/glass/glass177.jpg,91558fbe8e8a9016cba33165e8bd30f8dba289ef3d31791f7dfc41dd3981c86d
data/raw/glass/glass178.jpg,glass,1,data/raw/glass/glass178.jpg,3571a427b37b09269634bd0457245df7b63e0c5165e486596d1a40a54032a385
data/raw/glass/glass18.jpg,glass,1,data/raw/glass/glass18.jpg,5b983ff2822323f95dea5ea7147f6f663ee926347a3ee65062f2d6dfb3277f45
data/raw/glass/glass180.jpg,glass,1,data/raw/glass/glass180.jpg,bec56112aed5d71705dcdb36599254e6b4a8463c633dfba7b105a9547e2ed084
data/raw/glass/glass184.jpg,glass,1,data/raw/glass/glass184.jpg,9e2b82a7d9e1b266764a7735b9f8d6b10530d15063ccd9180a9b5a91fc8d1d9b
data/raw/glass/glass185.jpg,glass,1,data/raw/glass/glass185.jpg,c1d7a8a84753d430e208139416f6ce1cdb3c897a50b2f284632dd4d30805add4
data/raw/glass/glass186.jpg,glass,1,data/raw/glass/glass186.jpg,b42ba5f6e76c4245eac7e5b6f7ef109d2ab2138ed48995b9dd34f46f1e8eee71
data/raw/glass/glass187.jpg,glass,1,data/raw/glass/glass187.jpg,11d2459e02f00f7dddad98494065c8268f184c81ec84666e8529945cb67afd2f
data/raw/glass/glass188.jpg,glass,1,data/raw/glass/glass188.jpg,4064fb3f30d5fc4ab56449d58f0981239b0cc67ee5d5c267726b8ab9ad4cc6d3
data/raw/glass/glass191.jpg,glass,1,data/raw/glass/glass191.jpg,db48a5adf6045033eee5eca0bc6459367d106f18d15f7b9778655ed93a204d97
data/raw/glass/glass193.jpg,glass,1,data/raw/glass/glass193.jpg,ff2ac90f6c67f577a2083c4bb643b30a4fb4f59694ce62a1413b01705c54bc68
data/raw/glass/glass194.jpg,glass,1,data/raw/glass/glass194.jpg,7b3048aa393beb091ccb4c4a431dbfe515eb0a036f8ee1c742c910ae5bc0740b
data/raw/glass/glass195.jpg,glass,1,data/raw/glass/glass195.jpg,a263e31002bd5ce6d89ed570ea98effdc5a07bbb8940ecd549d30bd163e2a79a
data/raw/glass/glass196.jpg,glass,1,data/raw/glass/glass196.jpg,a11e9d23a7b72cf45327529a371f06efdd1cb423d7df11178219d1721a85434b
data/raw/glass/glass197.jpg,glass,1,data/raw/glass/glass197.jpg,695123647df273f08dd4ea828f1ea8df0684cb31a3c86d4e465ed3e22c0e95cf
data/raw/glass/glass199.jpg,glass,1,data/raw/glass/glass199.jpg,e96df29d6dff297f950ab9ee0c2b86af463d823abe610344caa3f2cd3a7d1833
data/raw/glass/glass20.jpg,glass,1,data/raw/glass/glass20.jpg,da59384bc0cec94c8f3b5b4e9fb60fc43037651a2eef134ad3e9cc54ee0a0c61
data/raw/glass/glass200.jpg,glass,1,data/raw/glass/glass200.jpg,ccef76b1e159cf0e8ccefa3dfc1e73a23ce45a629a303dbb9d7375ec3e1f62be
data/raw/glass/glass204.jpg,glass,1,data/raw/glass/glass204.jpg,b1e25090da37ca1424b754d5a7b8fa467295b88c9648bf0d184e166514ef7360
data/raw/glass/glass206.jpg,glass,1,data/raw/glass/glass206.jpg,8474654cccd1963de561e8269fec2ea7904ea46fccc274cb91a7cec993897cfa
data/raw/glass/glass207.jpg,glass,1,data/raw/glass/glass207.jpg,330cd3c9cbae56f0567972c58b3d187bc3864f203ff06f6af3ca3bac4edb2318
data/raw/glass/glass208.jpg,glass,1,data/raw/glass/glass208.jpg,dd76c1c191605769e14f839a32da8379c02fbcc6b63582dd6a78f9baf4d72583
data/raw/glass/glass210.jpg,glass,1,data/raw/glass/glass210.jpg,962485f5ab898217bf3882afce48e67129dc2ee635456a1f2560894fb9362a8d
data/raw/glass/glass211.jpg,glass,1,data/raw/glass/glass211.jpg,fa44f7d6f85c8d55c698468697f26450ba3537e022ceb8fb5215c69b881d830c
data/raw/glass/glass212.jpg,glass,1,data/raw/glass/glass212.jpg,dad8d57ce5f7de43c823e6cd481af0b53ae1f3dc41d92beef37fea03527b47de
data/raw/glass/glass214.jpg,glass,1,data/raw/glass/glass214.jpg,e22a33717a93b4b8b5fb92f875998dd703c19f7903baead2098e906d466a371b
data/raw/glass/glass215.jpg,glass,1,data/raw/glass/glass215.jpg,5af1475fff8a3cf94013be8089c5b3b93aca7c1812c02ca487d82b28596b41ed
data/raw/glass/glass216.jpg,glass,1,data/raw/glass/glass216.jpg,279c81c430424acbf50186b7a25ba91c978a86a1d0e8bff699119b93f5fcc961
data/raw/glass/glass217.jpg,glass,1,data/raw/glass/glass217.jpg,95aa11423ed0a6976f81b0e23bbbffe32fcbd8451ce634f758b161b05d56a644
data/raw/glass/glass218.jpg,glass,1,data/raw/glass/glass218.jpg,e9c17878a28c94b225d82a8f71e6742f335aa0c44f4d84b5a7f62a49610c90ff
data/raw/glass/glass219.jpg,glass,1,data/raw/glass/glass219.jpg,0b1f41875318dd10c74038efcc46c9457b4a3dcb5616fc54394a9b6e58d32291
data/raw/glass/glass22.jpg,glass,1,data/raw/glass/glass22.jpg,c1277f608df20f1121d902f157c7a0fe0684ca732bcea485e7164d54a4746052
data/raw/glass/glass220.jpg,glass,1,data/raw/glass/glass220.jpg,6d2b84f527458a009bf1e57c05ace354a0377684840dea2a4dd6986baac0215b
data/raw/glass/glass222.jpg,glass,1,data/raw/glass/glass222.jpg,e88b95d26db54665d8ef4a54909c0f374435df8eb7f26d7d1dbac0e639db7ff5
data/raw/glass/glass223.jpg,glass,1,data/raw/glass/glass223.jpg,bf345ab195a5cf81b79b382c042f2b10d211a88ccef6830620f54ebc9df362df
data/raw/glass/glass224.jpg,glass,1,data/raw/glass/glass224.jpg,465ce672c482ee53530f99ce33b0bf787f13576bf6e3a6eb8147b2b15ee4d0ce
data/raw/glass/glass225.jpg,glass,1,data/raw/glass/glass225.jpg,c247465bfdd8db0f8cf4c783b2d8b9e27cdd6c7a41e06385c38702bf129d27e3
data/raw/glass/glass226.jpg,glass,1,data/raw/glass/glass226.jpg,ca0542181abb36215da026aa5c02b977ce8d4258878cee101fb4b6be30c32488
data/raw/glass/glass227.jpg,glass,1,data/raw/glass/glass227.jpg,15a8c957f25b6d3e6041e66c39d2f9edee0df009217a7312966ca50a843eb56e
data/raw/glass/glass228.jpg,glass,1,data/raw/glass/glass228.jpg,2536244dbb00085c64a7b6154c2e91418ed7e08a31f8332fc78760fdc0fb5ff8
data/raw/glass/glass23.jpg,glass,1,data/raw/glass/glass23.jpg,8c70f3fd481062a5eb948b2b8db31b2289eb02fba8f7135dd22fb49655208f70
data/raw/glass/glass230.jpg,glass,1,data/raw/glass/glass230.jpg,c4f927f45e85c72c8e795c195055770271fd9d1d0699feb610807d7752e6a2e6
data/raw/glass/glass231.jpg,glass,1,data/raw/glass/glass231.jpg,4e6863464c1fa0976c3177e9cb6117e481ff252f6b7294faed6bd2d4aeb7d868
data/raw/glass/glass233.jpg,glass,1,data/raw/glass/glass233.jpg,94999cba4b0045d153a9381fee4a82ddef81bdcec87d2421df16c25d833fefcf
data/raw/glass/glass234.jpg,glass,1,data/raw/glass/glass234.jpg,bf65efd72ee281a0b016b3391d84a0a99cc59b0e60d007d3e0c123d373b03c53
data/raw/glass/glass235.jpg,glass,1,data/raw/glass/glass235.jpg,7f02f6f62d55711120fa46d8dd5493f10057ccba85dec378df1dabbd5986ce88
data/raw/glass/glass236.jpg,glass,1,data/raw/glass/glass236.jpg,850961fc34788d29d82bb1b76396672915b8e5c5e5a1ca33b562c8b9d45bd812
data/raw/glass/glass238.jpg,glass,1,data/raw/glass/glass238.jpg,fd3ec108ebf57f80b7e9239e401dca8cd40c8b7d6aa21bc38456d59a28745bb3
data/raw/glass/glass240.jpg,glass,1,data/raw/glass/glass240.jpg,af9a4dd92be8a8bbe9123c51acd35a11b01dc18f6703bb0ccfe0f5d735748014
data/raw/glass/glass241.jpg,glass,1,data/raw/glass/glass241.jpg,da46655e8cb61f112ce7e5ee2c7d84a2f58f70e2dc84e9fd24a4b531e11fba40
data/raw/glass/glass243.jpg,glass,1,data/raw/glass/glass243.jpg,ced562f62b3e7082287976d5b69a827eb303528a0ef9d9cf9aca0091162cb154
data/raw/glass/glass244.jpg,glass,1,data/raw/glass/glass244.jpg,0645108795eb95f8206e17995470fbe0ff6d76f7bd352db55770dc49718eb4e6
data/raw/glass/glass246.jpg,glass,1,data/raw/glass/glass246.jpg,de00c2f9d796d7ce77d8460a37ca33c0281335e00b1d06c1cd908a1560c88bd8
data/raw/glass/glass248.jpg,glass,1,data/raw/glass/glass248.jpg,7120850e2324b64b353b3160df7aecb846e08de901e2ab92ad6e2fca17cc743d
data/raw/glass/glass249.jpg,glass,1,data/raw/glass/glass249.jpg,c209a8ec595b3be49ed1994932afb6a10d7269a3d6941c2ac4ae90d331c8d2a3
data/raw/glass/glass25.jpg,glass,1,data/raw/glass/glass25.jpg,b598e060b6ab583b586aa2b402a4c0303f33300daef0b1edaf2e630b82d2aa61
data/raw/glass/glass250.jpg,glass,1,data/raw/glass/glass250.jpg,b6255cc25b7ffe34a6ea30c8f4f5dc263ba9a415c3ee403532c58d31023fe3ec
data/raw/glass/glass251.jpg,glass,1,data/raw/glass/glass251.jpg,01def532b4d96400d1dce7a04ee1a8a89c152ff168deae2252c7f91d5b2f4c67
data/raw/glass/glass253.jpg,glass,1,data/raw/glass/glass253.jpg,abba391aed4dc16b98cd8d760275783319672368d9cc928167be3c821ce16d8c
data/raw/glass/glass254.jpg,glass,1,data/raw/glass/glass254.jpg,49b80c75f7eef7b103083f8e1d61055a6aca02c33100c13ca19c752d9cd81c73
data/raw/glass/glass256.jpg,glass,1,data/raw/glass/glass256.jpg,090284c9439f7721302127d75180f285d148ead5f923a3b0ca020260bacf18fa
data/raw/glass/glass257.jpg,glass,1,data/raw/glass/glass257.jpg,d40b14d0534ff7218d4eb292b3bcf4e41c7db8f62f1a29e7f88dca2432fddf16
data/raw/glass/glass258.jpg,glass,1,data/raw/glass/glass258.jpg,e3ced4d2c69352b7414c435eb3f0bc753389996c0646f0bb58485fa76f4f02fc
data/raw/glass/glass259.jpg,glass,1,data/raw/glass/glass259.jpg,9a0f65e4e801f9bd63b366b0c03a91e9dc703ce44113ccbd88962cf50f14ad0c
data/raw/glass/glass260.jpg,glass,1,data/raw/glass/glass260.jpg,6ab261bea2414406f198b84340c58cf8942c247a494451077376777aefc2b020
data/raw/glass/glass261.jpg,glass,1,data/raw/glass/glass261.jpg,77b7a8178f4e782c80435a4b8680084a33f3a708efcb8663419d023044e56a27
data/raw/glass/glass263.jpg,glass,1,data/raw/glass/glass263.jpg,92a9ab9dcd2bea53ccc6926bc4d1509e0eba74f124342b9190e3c92fa68de1b5
data/raw/glass/glass264.jpg,glass,1,data/raw/glass/glass264.jpg,b80a9093e3923b2efa86aec48587315c63a62be43ada743606b5f77cb8a4ea0e
data/raw/glass/glass265.jpg,glass,1,data/raw/glass/glass265.jpg,d7d662f3401f041160dbc303d824183bb50875f5ebc9bb36e061afb47e910289
data/raw/glass/glass266.jpg,glass,1,data/raw/glass/glass266.jpg,8579ea7ace2cc76282d2fe640687c44f90bafcde2281d3830a33d891b95edca3
data/raw/glass/glass267.jpg,glass,1,data/raw/glass/glass267.jpg,b3585984de7bd265b238537b2c57713ab62d3db03e98a81c0b5973b74540b2fa
data/raw/glass/glass268.jpg,glass,1,data/raw/glass/glass268.jpg,7c5d74fc1d111def2783fa121c6246d01be3beeb571c26cca4410fb2e4012bf4
data/raw/glass/glass27.jpg,glass,1,data/raw/glass/glass27.jpg,eb4ba3739b7adc6d23e30cc8b461a3099eda76a8f6e7520f2f3529dbfe5efe56
data/raw/glass/glass270.jpg,glass,1,data/raw/glass/glass270.jpg,7803a0544d533cd759adc69e90a5b3d8ad157fe85b17abe85b6d4a30699c5f69
data/raw/glass/glass271.jpg,glass,1,data/raw/glass/glass271.jpg,ed48cb39c44b2092b6c36ca4dd84fc8e9908968b53edbcdfef184cc25f0e94be
data/raw/glass/glass272.jpg,glass,1,data/raw/glass/glass272.jpg,72a6f345f436debbd0205b98aae1410f970e76f478625e706ee22645aec3c845
data/raw/glass/glass273.jpg,glass,1,data/raw/glass/glass273.jpg,211797dd047e88933c132162f6be8c32d378e60b9daad30a9b9f232fe4910256
data/raw/glass/glass274.jpg,glass,1,data/raw/glass/glass274.jpg,bd20a72151976c98a5235baac946e44edaccf243915406e39ca2164541d64377
data/raw/glass/glass275.jpg,glass,1,data/raw/glass/glass275.jpg,40fdf09542131e8ac3ec229e22558ec7ff4c7922f72fea5977e2565ac08a4393
data/raw/glass/glass278.jpg,glass,1,data/raw/glass/glass278.jpg,14ad5395a54cf1a0376e7bcc8d40f6abc6066e921606226597b6139ca5664793
data/raw/glass/glass279.jpg,glass,1,data/raw/glass/glass279.jpg,a146d28afbb1fc9b2a5f151841a9ef8f8d275d188e8f39a5adb799e252366a94
data/raw/glass/glass28.jpg,glass,1,data/raw/glass/glass28.jpg,72e2b14802d6f6816c7728b22bc48183c90a85df630b37506ca04b61a49f9d9c
data/raw/glass/glass280.jpg,glass,1,data/raw/glass/glass280.jpg,fc881bef3049e6a9f7ad25bf6e03b7f302b0bd368fa83fcdf4c1fc515aae4a8a
data/raw/glass/glass281.jpg,glass,1,data/raw/glass/glass281.jpg,9d015edae42ccb821521d675ccd03a12820cb15feb1d7697ca932773fb7999db
data/raw/glass/glass282.jpg,glass,1,data/raw/glass/glass282.jpg,cf13e8d4c14218624204d76fb2cfe3c74b15f07965d1b6c780b1617f1461bbdd
data/raw/glass/glass283.jpg,glass,1,data/raw/glass/glass283.jpg,9a9da045e6cfcab09cea51164c28a3006549d5d9a532725c0535d2e440c88758
data/raw/glass/glass284.jpg,glass,1,data/raw/glass/glass284.jpg,3d20e97c12fd189de4743990657479f67326d30b66b8c14ed2a82f904610e25a
data/raw/glass/glass285.jpg,glass,1,data/raw/glass/glass285.jpg,e64374346ed90920d7cee40dfae3318f406f5f3134effd31e057b8d38c4b62f5
data/raw/glass/glass286.jpg,glass,1,data/raw/glass/glass286.jpg,cb42abf2660a1074d8d6357dbf8665c89c08610580e7ac531082fb50b814ca36
data/raw/glass/glass288.jpg,glass,1,data/raw/glass/glass288.jpg,c3ba0a9a397845b3c8fe9a9c625774c25481604d00a4cf0944fb3d3df2a9ad10
data/raw/glass/glass289.jpg,glass,1,data/raw/glass/glass289.jpg,e065f323773cb099643c7d0f7d4e31f65d54aa609a8fc780da135b481e0af559
data/raw/glass/glass290.jpg,glass,1,data/raw/glass/glass290.jpg,7d3d2d3c8c53a451bb5916a58a4942c0a008075e0d13ee9da54e362aa8b78598
data/raw/glass/glass291.jpg,glass,1,data/raw/glass/glass291.jpg,1bbf5456c82ebced8c1e322acbe71a886ddc9f6a615342cee3fcd177f9a585ce
data/raw/glass/glass292.jpg,glass,1,data/raw/glass/glass292.jpg,3b41c3a115d25e41fdcabd738d207e7a2f99f45519ce8ad45a58293de281ac33
data/raw/glass/glass293.jpg,glass,1,data/raw/glass/glass293.jpg,317b8d9894ffb98bf8c0b3aa81206fe1ffa19c19ef3bf012e7fc174f549ffb27
data/raw/glass/glass294.jpg,glass,1,data/raw/glass/glass294.jpg,9524b4582bf56f1ef08cb70530d04b2b65ce3a29f20169d28fd6bbbdbe96b352
data/raw/glass/glass295.jpg,glass,1,data/raw/glass/glass295.jpg,6ee935357eff0892280896c41d8f0dac64c415a0194e28c2e224dd28deeb176e
data/raw/glass/glass298.jpg,glass,1,data/raw/glass/glass298.jpg,2d7a17f18897b1248876e5f1cc084d7e50c9990f1776f7b26d18260c456a5106
data/raw/glass/glass299.jpg,glass,1,data/raw/glass/glass299.jpg,9ba1d9fbfdfef35081ee696c2bb72e4668de135060f1c144d6748d46f73d8f8c
data/raw/glass/glass30.jpg,glass,1,data/raw/glass/glass30.jpg,d0c85bea887f625ee9a5e2625d559516ec471a7e94d5b2d52b2abbde1b19b299
data/raw/glass/glass302.jpg,glass,1,data/raw/glass/glass302.jpg,39b5c2bce4fa36bd900247e549871485ca3be3a2eb318a3b425da04583f460e7
data/raw/glass/glass303.jpg,glass,1,data/raw/glass/glass303.jpg,dc0a40bc54fa0a39ab2cdea6dacd091c16904f6899e42e07515a3bf6e18216e4
data/raw/glass/glass304.jpg,glass,1,data/raw/glass/glass304.jpg,3662f40f19482d7d470ccf97b095297251d584e6d395fcbef4822c63e58ebf93
data/raw/glass/glass305.jpg,glass,1,data/raw/glass/glass305.jpg,3c6fd9489e4f34920a581c19930bb6288d757089c209e925cb24cf5988fe79a4
data/raw/glass/glass307.jpg,glass,1,data/raw/glass/glass307.jpg,efda826f5b6697de60643150db49b8918c982f6e8746a8d6d6dcaf4bd279edbf
data/raw/glass/glass308.jpg,glass,1,data/raw/glass/glass308.jpg,c0ce0cf6611d7bd34ddce4d913e41eaf2cf2d1d97f56afa8546fd98d9c1a9366
data/raw/glass/glass309.jpg,glass,1,data/raw/glass/glass309.jpg,b99099816246cc8bfec0f9de6012c90bf5db490f5cad32aa04d29ad8e09f9e56
data/raw/glass/glass31.jpg,glass,1,data/raw/glass/glass31.jpg,ce89bfee8b75b95af1f1dac7ed0daee2459e0f1b3fb68016b264d9e46f83be5e
data/raw/glass/glass311.jpg,glass,1,data/raw/glass/glass311.jpg,b39aa12f708cfe510fed276ed590eed15b6630d2ddd258ce455c88eee39e4dca
data/raw/glass/glass313.jpg,glass,1,data/raw/glass/glass313.jpg,4ee8242fa921853950ab0e99ab804558f5992ba69637a95ccada10d449eab1c5
data/raw/glass/glass316.jpg,glass,1,data/raw/glass/glass316.jpg,89004d864142144b6940c47e078186016e3cda35cc057bc1536312b9a36d785e
data/raw/glass/glass318.jpg,glass,1,data/raw/glass/glass318.jpg,feb6ce284cc9eebed14648f907a7fdd0743ad6c36b89008de84d0409a74fffa2
data/raw/glass/glass319.jpg,glass,1,data/raw/glass/glass319.jpg,37c2e5159358ab9cd6a644e910018c716cf7310dbe6edc76f87606e22e146316
data/raw/glass/glass32.jpg,glass,1,data/raw/glass/glass32.jpg,454aa11745490520219dd72eb6fe797f395c9a1d1f72ba0b77dbdad2d3583198
data/raw/glass/glass320.jpg,glass,1,data/raw/glass/glass320.jpg,86fdb5a3f497b81041c5eda5ff5c1eeed5065f27ba40687a4390f40c56562c1b
data/raw/glass/glass321.jpg,glass,1,data/raw/glass/glass321.jpg,f1f6b0d8958793e1b761b783767f1548519c9752698cbaf104f7c4d3f25f66f2
data/raw/glass/glass322.jpg,glass,1,data/raw/glass/glass322.jpg,f799d188b2642a677cf12f2522e4e73c0afbf7991aaa7f76c1b6b17e89ff8c66
data/raw/glass/glass323.jpg,glass,1,data/raw/glass/glass323.jpg,0ae973374777878d2f29b4ae38a5f70b901573e8aa4d17b2ac2f9340eb781804
data/raw/glass/glass324.jpg,glass,1,data/raw/glass/glass324.jpg,d24fc812595f6819e2a6cfa39e47a6426cfa0a9b9775eb7727cd8f39c0455c1f
data/raw/glass/glass325.jpg,glass,1,data/raw/glass/glass325.jpg,c3f2f46f0d2ad8149ea358b253af1ef7593afb5c78b8a56a12faab820eba16bf
data/raw/glass/glass327.jpg,glass,1,data/raw/glass/glass327.jpg,1f876e515ba41c92ef8616d40465937437957a7c52cb64d5bd47a503f6b5bf16
data/raw/glass/glass328.jpg,glass,1,data/raw/glass/glass328.jpg,c2108239088ac6efd15a4860e8e6e6d8448b2224b93e345ea6cd760e46bd3e4b
data/raw/glass/glass33.jpg,glass,1,data/raw/glass/glass33.jpg,9bda10c52365a45c901626020b7994f3543ff464d6d7c5796f3676bb23adcec7
data/raw/glass/glass330.jpg,glass,1,data/raw/glass/glass330.jpg,b8462ea85337e9caaf3205245db37109c6070c5344cdd690ec865c91527c91b5
data/raw/glass/glass331.jpg,glass,1,data/raw/glass/glass331.jpg,bb99332328123a6c2781f265a2d212abda1fa629bbb5af76587e9fab118228c4
data/raw/glass/glass332.jpg,glass,1,data/raw/glass/glass332.jpg,2efba352cb9707db288287257c31bfb3270610ec759ae9229c64485a6ca408b0
data/raw/glass/glass337.jpg,glass,1,data/raw/glass/glass337.jpg,948be65f6a7cecb4a98d4921008ebec73852a0126ecc38f25608830e2175395a
data/raw/glass/glass339.jpg,glass,1,data/raw/glass/glass339.jpg,d4f6d4e6f897648ce1a523728b448c2942d307b91fed51a070a5bbd095d05553
data/raw/glass/glass341.jpg,glass,1,data/raw/glass/glass341.jpg,3dc88815b7460818c470fa8ae1e45fb439ac5fca8ca2009bf917367c2f00973e
data/raw/glass/glass342.jpg,glass,1,data/raw/glass/glass342.jpg,b3f0068e9b748fe0675042fade8db77ca0700a205aee04f098db00de39d2163d
data/raw/glass/glass343.jpg,glass,1,data/raw/glass/glass343.jpg,f13ba3de1e5ec82f96b06ee8810d95adf558136474d2dd100f6d29dd7c1747a6
data/raw/glass/glass344.jpg,glass,1,data/raw/glass/glass344.jpg,1c1de73c97844dd318c3373005c897bc825a5ff42c60424337322dbee603638c
data/raw/glass/glass345.jpg,glass,1,data/raw/glass/glass345.jpg,5a97da39b78064b9b364cb167e6bffe728104e3a9e89ee3803eec880ca57357a
data/raw/glass/glass346.jpg,glass,1,data/raw/glass/glass346.jpg,4ab77e1502e76a8cadff8519b63614610314de00d6046eaf22e850dd33dce2f5
data/raw/glass/glass347.jpg,glass,1,data/raw/glass/glass347.jpg,8b8bcf3b00f54432b3a5ef9e259b39f80ff28c99307be805bf578e2a036bfc88
data/raw/glass/glass349.jpg,glass,1,data/raw/glass/glass349.jpg,2a05d2057ef441bb72b549c2faf5d5f519d1f0ba7e3f69b765fff30f5d91f0ea
data/raw/glass/glass35.jpg,glass,1,data/raw/glass/glass35.jpg,a7b12b1cdc0e41d0d77c7e4dbfe941926307b047b5bbe60c2aef87676f50252d
data/raw/glass/glass350.jpg,glass,1,data/raw/glass/glass350.jpg,1aa33cc9b8206a4b81e95575a94e02020a52f33504772f5518af448e3469dd93
data/raw/glass/glass351.jpg,glass,1,data/raw/glass/glass351.jpg,a9651b6a9339df4f29eab974ef39b088c3aee497cac561c64a411b01d98c7d16
data/raw/glass/glass352.jpg,glass,1,data/raw/glass/glass352.jpg,d5057cdf842f5929b03b495db6ae2438582accf9e96acb641b43ffb3a450279c
data/raw/glass/glass354.jpg,glass,1,data/raw/glass/glass354.jpg,6d2b60249550673aa6cc9c073b0e7607511cb9d66150e3cc10eeda988d0b42ed
data/raw/glass/glass356.jpg,glass,1,data/raw/glass/glass356.jpg,42936fee73ebeb8d5e733f9f3a0448c7a5cd6cab2694e501e2e82868c2902c7e
data/raw/glass/glass358.jpg,glass,1,data/raw/glass/glass358.jpg,1f19da5bc22ec90742e10f675f9aff57756e7c51ea439530444f71e778169dc2
data/raw/glass/glass360.jpg,glass,1,data/raw/glass/glass360.jpg,fcf56faa5d15d61cfe9e72a0814ba51594e49965702a6272a5fb1060c1a70b88
data/raw/glass/glass361.jpg,glass,1,data/raw/glass/glass361.jpg,5ec7be1cb8df2bce73b2c55406f4d3dc21d97a8b334723551f9966bea0064994
data/raw/glass/glass362.jpg,glass,1,data/raw/glass/glass362.jpg,552dbcbacc1c63cc69540259f4aa446454124bba167927a3e8d2151d2cc590eb
data/raw/glass/glass364.jpg,glass,1,data/raw/glass/glass364.jpg,0ee7095b9a08e846175af981ca30cbd3d56d28fa7147eb48109ba5659b699a46
data/raw/glass/glass365.jpg,glass,1,data/raw/glass/glass365.jpg,d9f9c7a9d266eeba9ab3690743b9802ba306d90f4176467abad71d83b11974d3
data/raw/glass/glass370.jpg,glass,1,data/raw/glass/glass370.jpg,eb90f408eea74cec4728b8924548f2e7afa6e7ba52f69f82e5b4dc876fed4f94
data/raw/glass/glass371.jpg,glass,1,data/raw/glass/glass371.jpg,4b4c2b6c1b12ae00bd8b4075aacaf05c4127f26a70f71a389060155f8adc475f
data/raw/glass/glass372.jpg,glass,1,data/raw/glass/glass372.jpg,3a33c3a34bd6f93cb166d7502ba11fcc6b9d8f585e4ad96709bfa540d6883e0c
data/raw/glass/glass373.jpg,glass,1,data/raw/glass/glass373.jpg,38dec10915658f16888ee956e108457632dc1baf95b8f8a9d29d8d26c18c484a
data/raw/glass/glass374.jpg,glass,1,data/raw/glass/glass374.jpg,432a5d3f5e82b75c82ee6b504329e27b3b55b34a0907d3faa6800f3bb2bd000e
data/raw/glass/glass375.jpg,glass,1,data/raw/glass/glass375.jpg,b0b252804483f0bc2a6ad95936a16c95961c28558dd5733d3f930d8d26036c6b
data/raw/glass/glass376.jpg,glass,1,data/raw/glass/glass376.jpg,a06f1177d1dfeb4acf16a2985456830e2b1cf036c131e92f586db207124bce0d
data/raw/glass/glass377.jpg,glass,1,data/raw/glass/glass377.jpg,f37cd366c5c383a2785b246da3a2a237e2fdcf0e98b31fb65a9fc23ff01ec6fd
data/raw/glass/glass378.jpg,glass,1,data/raw/glass/glass378.jpg,bfeb29b44e861e40747fe4474de23be84c0ab951ddd62ca9bb9158baa9c258be
data/raw/glass/glass379.jpg,glass,1,data/raw/glass/glass379.jpg,93cd4b08545039186e95e8785c324e5b62f2d3a14d5139113e59e7d7ba04e549
data/raw/glass/glass38.jpg,glass,1,data/raw/glass/glass38.jpg,bfe2023cc276c1c11ff28bf96b4bf94f1026611fee0474c50a3c8df20daa9c9f
data/raw/glass/glass380.jpg,glass,1,data/raw/glass/glass380.jpg,ede5686a09b092a33d3cf441a5e02397a9fc917f9a0b761fa5ec232a71c2aa91
data/raw/glass/glass381.jpg,glass,1,data/raw/glass/glass381.jpg,6b7a7d11f2fc67528af282827d789419e96cb788880f25f575a1480403bd2a81
data/raw/glass/glass382.jpg,glass,1,data/raw/glass/glass382.jpg,24ad3a3342e4f1fbf4ff5060171fb26835225df98dba3dbc0fa2269a71582110
data/raw/glass/glass383.jpg,glass,1,data/raw/glass/glass383.jpg,538ba22288181186a6c443d325a294dd28d297ad098a264ca671d4a607899e09
data/raw/glass/glass384.jpg,glass,1,data/raw/glass/glass384.jpg,522c8be0b80105819ed646fa667f3d4dd35652d85aec16865237ff6487206b36
data/raw/glass/glass385.jpg,glass,1,data/raw/glass/glass385.jpg,73a7977ece3caaa792fa9aa9a9778b7360874385ee99584a6d29682ab07abe27
data/raw/glass/glass386.jpg,glass,1,data/raw/glass/glass386.jpg,807191c231fdef759b4d6496ba9d58e78bde4837d9571eda95f8a5a9649ae4b3
data/raw/glass/glass388.jpg,glass,1,data/raw/glass/glass388.jpg,d6d9f191f330bb9f9268e70e835f5a24ad80cd19157d0b29c218b218cc765826
data/raw/glass/glass39.jpg,glass,1,data/raw/glass/glass39.jpg,cc81d4bc6d925497c073a7c95c9621dd1c5f833028466beacbf0332aa356801e
data/raw/glass/glass390.jpg,glass,1,data/raw/glass/glass390.jpg,d7a3a28f5267c6ff29a10be760c053ad8c4c66a3da554ec52db4464447171c1b
data/raw/glass/glass391.jpg,glass,1,data/raw/glass/glass391.jpg,53d33846fedfc6aa65fccce79a6677ccd4cdbd31b6700092911199593989a4e1
data/raw/glass/glass392.jpg,glass,1,data/raw/glass/glass392.jpg,de2d07ff3eddbbcff5c93df1fd4864e784c757d3be83fda4408626372576788d
data/raw/glass/glass393.jpg,glass,1,data/raw/glass/glass393.jpg,156c79b6c5a7219b4a066d9bbbdf53db03c73bc493d40bbe6aa4f036a01e8686
data/raw/glass/glass394.jpg,glass,1,data/raw/glass/glass394.jpg,a8f78387c605a6fb821a5eafa75cad13a1e52d1c61d55f38a399972cc8805ade
data/raw/glass/glass395.jpg,glass,1,data/raw/glass/glass395.jpg,b1a2793b62f7ecca9de42562d84da7490151d79bf94bd6ffffb661aac184b44e
data/raw/glass/glass396.jpg,glass,1,data/raw/glass/glass396.jpg,8e16a010920314f0cf8ecb5089552a26c431d2e90bddc55b6d287bbabd890fcc
data/raw/glass/glass397.jpg,glass,1,data/raw/glass/glass397.jpg,af12f267b156bead9d63532af706e069814b4fedba2fac77cfc411770cd31153
data/raw/glass/glass399.jpg,glass,1,data/raw/glass/glass399.jpg,d53ad6e2e26c9bd3321a0c003985d87eec9d1e6c77bd6442fd078c1a93f595dd
data/raw/glass/glass4.jpg,glass,1,data/raw/glass/glass4.jpg,b8a2a77180d65ecb054431b2febdb5c20e5fcf5a823418c1835f2c2fc34974d7
data/raw/glass/glass40.jpg,glass,1,data/raw/glass/glass40.jpg,c786a9a24df9030b543d55d5b37688fc6bb61188f90f82893f2dc021c02467b0
data/raw/glass/glass400.jpg,glass,1,data/raw/glass/glass400.jpg,d4816cc6379b22bfcbcb6709337e08dfc0bb6c037bf20072fa79dc63b628442f
data/raw/glass/glass401.jpg,glass,1,data/raw/glass/glass401.jpg,456d3c327cc80e01f1c1bf8547be1cb4bbc1a987178b5aad384795f013e9c497
data/raw/glass/glass402.jpg,glass,1,data/raw/glass/glass402.jpg,4a2ff79b97102f8d295b0455b2c5587909f2e64ab9df7a47dd8ae9b9c41a4980
data/raw/glass/glass403.jpg,glass,1,data/raw/glass/glass403.jpg,5f95dd2522f31bfb2ad3b1c5c304983780c35691c4d1a9a3315deb3b54900dae
data/raw/glass/glass404.jpg,glass,1,data/raw/glass/glass304.jpg,02a46a9c5478fbcd6c96d8d10229ac80ddf002dc839efe95be2d9eba97bacd0a
data/raw/glass/glass405.jpg,glass,1,data/raw/glass/glass405.jpg,e4140946e47cea6c65cc3470024e17f369813ec3a2ad47cbff73252e5602899d
data/raw/glass/glass407.jpg,glass,1,data/raw/glass/glass407.jpg,90c0931c3cf6c7ed6ccbbf8d1bc81b248876b19a9a84f5aa9dcd56809abe8af3
data/raw/glass/glass412.jpg,glass,1,data/raw/glass/glass412.jpg,eff551a94ab9e54817cfe22911b17de4f5c02fa64851153dbdd7bfe1b9e82066
data/raw/glass/glass413.jpg,glass,1,data/raw/glass/glass413.jpg,ca9825e95dcf5a0714175ca6ec0f441d495d82ce0e1c4f612d3ed064d38866f8
data/raw/glass/glass416.jpg,glass,1,data/raw/glass/glass416.jpg,50d4d4b954c2a5c54f807c8ce101f7e3c066687e0e65e242ddebbfc9e98ea101
data/raw/glass/glass418.jpg,glass,1,data/raw/glass/glass418.jpg,b39b231915cc0a2ce4e871d9675408bd83180754c3e6f76709537a4531b51a92
data/raw/glass/glass420.jpg,glass,1,data/raw/glass/glass420.jpg,33b18defd00b310a029b3c920f4be2aa8ec60d0beb744f56d986dd239bdc2cf9
data/raw/glass/glass421.jpg,glass,1,data/raw/glass/glass421.jpg,ebbc05cd7d605f2d2354f176e7f353af33d523a983187d8c5911d48505348e22
data/raw/glass/glass422.jpg,glass,1,data/raw/glass/glass422.jpg,5accfe0d7ae9b747d9338133ec6f3c9b8770fc0c30658e2e485b2c581c0cb42f
data/raw/glass/glass423.jpg,glass,1,data/raw/glass/glass423.jpg,93593c57dd926131e3c2a1a2354936f9c898de04dc1c4d5b62b783908137bb8d
data/raw/glass/glass424.jpg,glass,1,data/raw/glass/glass424.jpg,3f106cb0813a448be81714e980df86c50260283f262d10b2ab0a5c6f81cc4af7
data/raw/glass/glass425.jpg,glass,1,data/raw/glass/glass425.jpg,8dce43c70c1455f7da0aa562231e7c6be49569b0fa034059e8a9c7627b3efb0b
data/raw/glass/glass426.jpg,glass,1,data/raw/glass/glass426.jpg,4a7b06d066c3cd879e9664640df08587b987459ae55d771116a976e9be8b1d39
data/raw/glass/glass427.jpg,glass,1,data/raw/glass/glass427.jpg,397ecafd3816d263b77e35923e90881b8b5577a93ae8ee8d65852a568766643e
data/raw/glass/glass430.jpg,glass,1,data/raw/glass/glass430.jpg,170c1fce22f05a19a04a0c7fe77ae456f5c9d11b1e63583ecfa406163857faca
data/raw/glass/glass431.jpg,glass,1,data/raw/glass/glass431.jpg,65a159aa62e2d9d16cf6da7cab5d39fbdd39254cb1a7bb7cd566edfeaabf82fc
data/raw/glass/glass432.jpg,glass,1,data/raw/glass/glass432.jpg,4dc22ad211981dcd187eeaa8592aa7426ae31aaef0852c1e79d6033557ce410c
data/raw/glass/glass433.jpg,glass,1,data/raw/glass/glass433.jpg,0b21dcc0e4f85bb5361db0496bea90f749fcb2a9c49c868b23aac0872db2cc45
data/raw/glass/glass434.jpg,glass,1,data/raw/glass/glass434.jpg,fbd6c0c6bd04248a6cb09eec0786adf3dc4f29a824c60e3f71365ea0ffd763dd
data/raw/glass/glass435.jpg,glass,1,data/raw/glass/glass435.jpg,2926e04d80fe0333810e2238647cd4797f203e6477d48421ebb26757009438aa
data/raw/glass/glass436.jpg,glass,1,data/raw/glass/glass436.jpg,37a4389fd332b9872644bc5c4d8a44fcd1e3378878ff6cf201d70b659735cfc6
data/raw/glass/glass437.jpg,glass,1,data/raw/glass/glass437.jpg,8596099c171405979a7b9f7ac2320b4aa9280e87b79f9474efc33697ed699e6b
data/raw/glass/glass439.jpg,glass,1,data/raw/glass/glass439.jpg,7eb308d3a1169c1cdfbb10c9a9facda01204aba733795f1051225c4932866b1f
data/raw/glass/glass44.jpg,glass,1,data/raw/glass/glass44.jpg,5095427e952ddb4d2d0f3b100d0d25d9a0a88eb6f50584b5e8e33150309022e9
data/raw/glass/glass441.jpg,glass,1,data/raw/glass/glass441.jpg,85dda5914f2aa445fd3d3cfaa09a986630362dbd7dae80ea7b79a839d07d5a28
data/raw/glass/glass442.jpg,glass,1,data/raw/glass/glass442.jpg,77fe9275e27df87cf86ca51dc37504a95acef47ea6a9aa0a670587f958b463c2
data/raw/glass/glass443.jpg,glass,1,data/raw/glass/glass443.jpg,885704e55d2f6b3c3e73341d810f660543cd944112c0a8ed69b9dcab7464597a
data/raw/glass/glass444.jpg,glass,1,data/raw/glass/glass444.jpg,130b7cc1e6167abff8ee9989341858b5a9362a13b1de8e512975394833469b09
data/raw/glass/glass445.jpg,glass,1,data/raw/glass/glass445.jpg,7dedc80de04250cc8fc8668b818bc6cc2933a749006f2a40dd3d28ec5c442c84
data/raw/glass/glass446.jpg,glass,1,data/raw/glass/glass446.jpg,bd56995ebe7cee2e1d1f838c735b56005d9d3ae0192dfcf36d86849bb4d66be6
data/raw/glass/glass447.jpg,glass,1,data/raw/glass/glass447.jpg,a2ba78c23d76980675666183992f5e5cae2004bec40c979211be782f826b9726
data/raw/glass/glass449.jpg,glass,1,data/raw/glass/glass449.jpg,bc7d857f3f8f589ab0d8c6918439b9cc5c0dff555c3a8547fdb4a3d27a4ec48c
data/raw/glass/glass45.jpg,glass,1,data/raw/glass/glass45.jpg,012aa0ac30af6c1f186d7b8b89350b17daa7cebe05722c4e8dd781b9f992e4e2
data/raw/glass/glass451.jpg,glass,1,data/raw/glass/glass451.jpg,ae648a635864eaf0812810784f4e5dcf292933ca6ee1afb86724d3e565d5b7ea
data/raw/glass/glass453.jpg,glass,1,data/raw/glass/glass453.jpg,125ea008cda28ac07de88f2e38ef261dd1bddf1772b7590eee68f02a69601595
data/raw/glass/glass454.jpg,glass,1,data/raw/glass/glass454.jpg,d12e1f54eb875db98f49cbe4bcf8c463b095331e8867696dbedf30c8e57bdccf
data/raw/glass/glass456.jpg,glass,1,data/raw/glass/glass456.jpg,a0a84c28c84b5f160b64b9412093e8e4b267b4bc15408bb93549d5079af4a47d
data/raw/glass/glass457.jpg,glass,1,data/raw/glass/glass457.jpg,b6694cead09370aa6a0e82677dd40192df562e34489ad847f071ad93d71beeaa
data/raw/glass/glass46.jpg,glass,1,data/raw/glass/glass46.jpg,8556eba3b30b29ec996ae28a8deddfaa0574546af8df61a71186b029773a8e07
data/raw/glass/glass460.jpg,glass,1,data/raw/glass/glass460.jpg,2d7b7fde2787693571743a9819c05c7e203ad1e5b1a56a91e5f958b7e8be4c53
data/raw/glass/glass465.jpg,glass,1,data/raw/glass/glass465.jpg,00cba166ae35f321e828c3a5bf23a3f626b027ffa14e43c11423994972f319a0
data/raw/glass/glass467.jpg,glass,1,data/raw/glass/glass467.jpg,d8533c1dd6d3f32099db8e6e571d290a3c66a1af4d5bbbf5682f4bfb2bdbe6bb
data/raw/glass/glass468.jpg,glass,1,data/raw/glass/glass468.jpg,0c293e3770b1f257c38ca438f369b861cdda1649fbfe0a3e1fb3e3fbf278ae1b
data/raw/glass/glass469.jpg,glass,1,data/raw/glass/glass469.jpg,0381217bb245aadb51014ebd8f8cd802013dc1ee9a3cfd263c5fa9563a346760
data/raw/glass/glass47.jpg,glass,1,data/raw/glass/glass47.jpg,f6b1f3ecf04bff83360dee0390f9d2d7585b4a99d87be7d0573cfff278951d0c
data/raw/glass/glass470.jpg,glass,1,data/raw/glass/glass470.jpg,67cdd7981dd535045d6d8fdabecc4ef5ff63bd96bde6eeaa16aaafa779b59593
data/raw/glass/glass471.jpg,glass,1,data/raw/glass/glass471.jpg,dcf5d4f53b81a52540963559616bbe97d2c1f890813435699887498bc0d3ae94
data/raw/glass/glass473.jpg,glass,1,data/raw/glass/glass473.jpg,60f151c68c9520151afe4f0de9497931b2c55a7ed7f01779b8651e54a4cabb17
data/raw/glass/glass475.jpg,glass,1,data/raw/glass/glass475.jpg,78a43c5d8fc5c7fda039b052885c29c2d2488467e86327ad14a06a8c24f34fab
data/raw/glass/glass478.jpg,glass,1,data/raw/glass/glass478.jpg,2e4c7b202b8f60c93c9a64315a7f2340dd9cacafebcd3ddc031d363004a88865
data/raw/glass/glass479.jpg,glass,1,data/raw/glass/glass479.jpg,1a0c4e76e0413a6539d501fbb65d3b7b530eaa3306da3a6b5398ca0300691268
data/raw/glass/glass48.jpg,glass,1,data/raw/glass/glass48.jpg,5137c4adaad1532e9979f1f45bb5d7e7b30cd34ba986c25711a8aea06111dbe6
data/raw/glass/glass481.jpg,glass,1,data/raw/glass/glass481.jpg,8f539caaba93c61e0b5b788f14f9bb03fab8c5a7911e191a4210c0bb64db4db1
data/raw/glass/glass483.jpg,glass,1,data/raw/glass/glass483.jpg,9ef426243a23b174c0b1ac85f08ed3673d16e95898428694359827ebc126d46d
data/raw/glass/glass484.jpg,glass,1,data/raw/glass/glass484.jpg,1de10cce060ab22ef82969829fb3562acd4bbfdefe8d955311eb10b4304fbcd4
data/raw/glass/glass486.jpg,glass,1,data/raw/glass/glass486.jpg,cfda64d080b5f77200ba4afe4ee4e2feca0b32618365629f8f0bf6084b5110c1
data/raw/glass/glass487.jpg,glass,1,data/raw/glass/glass487.jpg,cb031871be0529ee77bb01b5d8526eeca41a71e8ef71c2e948958899791af680
data/raw/glass/glass49.jpg,glass,1,data/raw/glass/glass49.jpg,aa0e9e718503daa5fc811cd93c9c0156974e48138d6ffebdbe2ce7f9b41e2c95
data/raw/glass/glass490.jpg,glass,1,data/raw/glass/glass490.jpg,148241b10a89ba47d73e54e19de0bcd19e3504e70ee6504580fd431b164e14c9
data/raw/glass/glass491.jpg,glass,1,data/raw/glass/glass491.jpg,5a3fa86eab257b46ea481c0b715da623b980c762d979fe953c8c5a14f59631b6
data/raw/glass/glass493.jpg,glass,1,data/raw/glass/glass493.jpg,bd8509c9e7ae1f432907fc3c0912dc88136fc6918112e5d28802d43d06bd0fbb
data/raw/glass/glass494.jpg,glass,1,data/raw/glass/glass494.jpg,5dd60748acca10c0382c91b42094907333b11e82919c4b9472d2ec8e7b0d27b0
data/raw/glass/glass495.jpg,glass,1,data/raw/glass/glass495.jpg,2e027e4b02ee2d3cb5a743bb61b874f762ee88302b9d3c02e45694a6e19d4181
data/raw/glass/glass496.jpg,glass,1,data/raw/glass/glass496.jpg,c4658f7cf319de5a4aee93c0f194ff8624b90250a49fdf0e9105c5211ba15655
data/raw/glass/glass497.jpg,glass,1,data/raw/glass/glass497.jpg,58d620f823b1bf5d1bc87bd87216de4d1cd4658e9618e3c35a189230c8201fd3
data/raw/glass/glass498.jpg,glass,1,data/raw/glass/glass498.jpg,226f7a63cc93a3c9c4297b5fe1200bbc7a5fd37fd3a940814e2406bf81266a62
data/raw/glass/glass499.jpg,glass,1,data/raw/glass/glass499.jpg,613e8740d360f07d9e8b7f41b709c42a32af274fed868c6dbef6a954c1e4bd4b
data/raw/glass/glass50.jpg,glass,1,data/raw/glass/glass50.jpg,e0e13136225fff90313ee42abc08634db2b39b0517dc832f0c2e58843607f05d
data/raw/glass/glass500.jpg,glass,1,data/raw/glass/glass500.jpg,701b0c07b8d804190393f323cf76527ca05c719a84d8064dec4021115c798d44
data/raw/glass/glass501.jpg,glass,1,data/raw/glass/glass501.jpg,2885b55e189a43dec7092927818fdba46638703a7d8e224b70f00e37260ce780
data/raw/glass/glass53.jpg,glass,1,data/raw/glass/glass53.jpg,e9319d2ac8cf666814030b0222c3f45a56094ebaf3d89ee18f93de9fdb267eb1
data/raw/glass/glass55.jpg,glass,1,data/raw/glass/glass55.jpg,490f8ed0f65caaefe89c5da34064b3e4f53a29fe6a5cd1d062684c96d4e5efcd
data/raw/glass/glass56.jpg,glass,1,data/raw/glass/glass56.jpg,77ff31bead46e3427ce626246877bbd3a6757019e3db8929d85e18abd4c99782
data/raw/glass/glass57.jpg,glass,1,data/raw/glass/glass57.jpg,f648f8b660a09532bf649b8fd03708ad000ca34600f7b86b380266e96713d003
data/raw/glass/glass58.jpg,glass,1,data/raw/glass/glass58.jpg,80a27f65e5096aeea37947e628cc72b52e778c491041348448eb32ee1398f16e
data/raw/glass/glass6.jpg,glass,1,data/raw/glass/glass6.jpg,8ba68772a1b797c4ac15ad1623cf2bfabed9ac801962358039c7a9873d3afbfe
data/raw/glass/glass60.jpg,glass,1,data/raw/glass/glass60.jpg,35a60a89ff0913df2c0c068470fd9ea069abe2c383a2464ec2af765b52b1d282
data/raw/glass/glass64.jpg,glass,1,data/raw/glass/glass64.jpg,8944742907e30a66bbde894569f973104a876f4b46be5772e4a6eb9f03d73122
data/raw/glass/glass65.jpg,glass,1,data/raw/glass/glass65.jpg,66f60de468cb4b191fb8d64683eecf98df6b90bffb59f7225ada7c3a31a8b03d
data/raw/glass/glass66.jpg,glass,1,data/raw/glass/glass66.jpg,1e912ca9b00ec92195eeec5a755ce01e8c0a4bc438e799331e0a99468cd3971b
data/raw/glass/glass67.jpg,glass,1,data/raw/glass/glass67.jpg,47e42f629e148b54a43f1a78297fd53080d2900763074fa08fca306bf66aeeb2
data/raw/glass/glass70.jpg,glass,1,data/raw/glass/glass70.jpg,f3a3a5739367f3735ac56cdeda378eca89e13b21b0561b19d254d589544458e7
data/raw/glass/glass71.jpg,glass,1,data/raw/glass/glass71.jpg,611b1d28fba567cf7b0d4cdb359039211263ae63472011189fb42aa2a89ec6e8
data/raw/glass/glass73.jpg,glass,1,data/raw/glass/glass73.jpg,3634290f2e8e578e36042841453d307eb95437fdc0001834403b3a3f9b7d27e2
data/raw/glass/glass74.jpg,glass,1,data/raw/glass/glass74.jpg,1a7e9b0947a8a7cd79f069d5d5ebd42c6978f759f5069cdb975b5e94f55f519a
data/raw/glass/glass75.jpg,glass,1,data/raw/glass/glass75.jpg,4b844ad088407d53e41cdffd32c7be3534e05f848bbf705b81069ec74c5b925d
data/raw/glass/glass76.jpg,glass,1,data/raw/glass/glass76.jpg,f56926cb59acf8831282b11066020ddeaecf59108b14c73046787bceafe8f131
data/raw/glass/glass78.jpg,glass,1,data/raw/glass/glass78.jpg,bb0072515b4e6edbc874b4f1cf218a5183751eedb980150e5e48a0cc07e48352
data/raw/glass/glass81.jpg,glass,1,data/raw/glass/glass81.jpg,9a3e8228a3b16603fbe919f1df0b36104ba555a0ad385a7e87eaa7b23538c90c
data/raw/glass/glass82.jpg,glass,1,data/raw/glass/glass82.jpg,a9abae3cfbf6bde6fd8b546e4c2ec4ecb2b0916c04345a568f2596e08641cd54
data/raw/glass/glass83.jpg,glass,1,data/raw/glass/glass83.jpg,956d8be4a2512c9cba2208849ef6350a64205ebd4aedc88705a5a3a584c0b7df
data/raw/glass/glass84.jpg,glass,1,data/raw/glass/glass84.jpg,4b91ae276e0d7d43d842608a18788fa3f7acde3ed171521275707d7616d825eb
data/raw/glass/glass85.jpg,glass,1,data/raw/glass/glass85.jpg,3229686b4115cbc35b594bbd4ea28bf31ada04955cfb7a7c4388e4c358e7b9b3
data/raw/glass/glass87.jpg,glass,1,data/raw/glass/glass87.jpg,d117e7901d180b39bb9e23bcbdc3202f77b87de6d5ef089f6e50da189a4875b6
data/raw/glass/glass89.jpg,glass,1,data/raw/glass/glass89.jpg,d9bc8f7a838f6c01140ba373b3866d137706f05faef25ad0fb2870893905607d
data/raw/glass/glass9.jpg,glass,1,data/raw/glass/glass9.jpg,b598653ead82a29e42e12039c3865f5d120832a30fdaba7b8f6cc5efee270022
data/raw/glass/glass90.jpg,glass,1,data/raw/glass/glass90.jpg,09c42f13f1174b8a13f64af3d6fe4589a14b8a2b4124819bead0f3fbfc467d1e
data/raw/glass/glass91.jpg,glass,1,data/raw/glass/glass91.jpg,c1c6eb287885d70899ab080246cb1fb6ccda43953c0d74d036d5937e0578b876
data/raw/glass/glass92.jpg,glass,1,data/raw/glass/glass92.jpg,f66acac04fb52b0c21ef53f5f79e85b6adab16e6ec61ca9a10bb410f8c916226
data/raw/glass/glass93.jpg,glass,1,data/raw/glass/glass93.jpg,877205a8df9d0d5fea3ccde83297097d3760f6653e36dae7e37b4621e9ff92bc
data/raw/glass/glass94.jpg,glass,1,data/raw/glass/glass94.jpg,dd1e6da5bdc5f73aa15142e6b7c668453b3349937fe5bf2eedb4d6a39c60c738
data/raw/glass/glass95.jpg,glass,1,data/raw/glass/glass95.jpg,7d4ffe90d81fae7e7c22969e4cacc16bab4ad752eac84d48d36ae0d79b0db2f6
data/raw/glass/glass96.jpg,glass,1,data/raw/glass/glass96.jpg,92a2b98e4813f70881cab3a2ef2eb2721b789c86f1a2618ec71f8554ec09317c
data/raw/glass/glass97.jpg,glass,1,data/raw/glass/glass97.jpg,45a15d21f4556db785bfcc84229f87011fc1dd602dfc3b98c1a190d7bc8c4624
data/raw/glass/glass98.jpg,glass,1,data/raw/glass/glass98.jpg,ca258da504b7d4f324964fe3471115fe9c8ce08c83d9585f1a023ce60bcd8464
data/raw/glass/glass99.jpg,glass,1,data/raw/glass/glass99.jpg,dae1f718c542a2efc4c34da768dab69848af36d4c4d465246476c11a363d0cee
data/raw/metal/metal100.jpg,metal,2,data/raw/metal/metal100.jpg,59ed484f669bb032b4ff95ff7304f60d0ac9b2b02eaaed7f132b1c450e3bd78b
data/raw/metal/metal102.jpg,metal,2,data/raw/metal/metal102.jpg,44efcc80b146735d5a7a0ffb6356641cd3ef996019ef43a0e16af87ff6d1354a
data/raw/metal/metal103.jpg,metal,2,data/raw/metal/metal103.jpg,85b595fd5f02d95b201370a1ae5e105ff7626c5462cb781e1c876cd04b0ae671
data/raw/metal/metal104.jpg,metal,2,data/raw/metal/metal104.jpg,e0b767d1ccf5e062bae2009c95459a1b0e945131f28fd9a6d0cb3695d83dbabb
data/raw/metal/metal106.jpg,metal,2,data/raw/metal/metal106.jpg,cf0dbed4a17ca4e94805d9649d2f3fa00b6e4b19d1b401f10b5c54bf5e280fe1
data/raw/metal/metal107.jpg,metal,2,data/raw/metal/metal107.jpg,d8f0db0dcff647999334dd6f536cebf06457e8c8010a681cfbf8145d791ec542
data/raw/metal/metal109.jpg,metal,2,data/raw/metal/metal109.jpg,56b95b40642191f8cfa9e0150c4f10600e5363a5da4b113858127584d441e808
data/raw/metal/metal11.jpg,metal,2,data/raw/metal/metal11.jpg,947288224d612f8c7dced73d0ac17ab9608caa6627ef8d5da5628fce3a7a3579
data/raw/metal/metal111.jpg,metal,2,data/raw/metal/metal111.jpg,60273e1cefdeb1ad86288a56d7b9c76dbef19cb96042ff66cb0fc456c0ab5d6b
data/raw/metal/metal112.jpg,metal,2,data/raw/metal/metal112.jpg,00cb113efab64e877fe763e04113e4d6cd0f7448fad899bac05164614edf779a
data/raw/metal/metal114.jpg,metal,2,data/raw/metal/metal114.jpg,ff3491a1b204be3e76ad92bcf8158dd26e7b9b35b2e291528e651876ee5125f4
data/raw/metal/metal116.jpg,metal,2,data/raw/metal/metal116.jpg,dd6b44280b3f048029b907d9171fdf54791f0932644eb60a4f8c42005cc818a4
data/raw/metal/metal118.jpg,metal,2,data/raw/metal/metal118.jpg,f5ac8516c3bfe229b80e4b797e1494617bab0e2d43d56699ce160b2c523c68c2
data/raw/metal/metal119.jpg,metal,2,data/raw/metal/metal119.jpg,fef949be03c4d314c3ff645a4a0f1a25edc95e5a228ad2e2ea9e8c798878447c
data/raw/metal/metal120.jpg,metal,2,data/raw/metal/metal120.jpg,6502fbfe5b86821fcd7e961779cf1abe317b78fd06686cb053a62cc777c2b71e
data/raw/metal/metal121.jpg,metal,2,data/raw/metal/metal121.jpg,3836a0711418d666200b8372411a94b4c5ba6c904eb5a9e35284de911904a657
data/raw/metal/metal124.jpg,metal,2,data/raw/metal/metal124.jpg,162fd7c08fe5f6d50729da3fe59b8da398db2e4616d03cc39d1a8665da7faeb4
data/raw/metal/metal125.jpg,metal,2,data/raw/metal/metal125.jpg,6c128e56de735b5e60ec045adac71ec25bb1b5e8b4b04f310e777cac41206120
data/raw/metal/metal128.jpg,metal,2,data/raw/metal/metal128.jpg,a268392fcb1c09478a6197f68de2a48de7156463ec032f172eefcaf33a48f66d
data/raw/metal/metal129.jpg,metal,2,data/raw/metal/metal129.jpg,c1bed427b41f9243ddc979a5411f065649586e75a089b478f156f50ce7eb105b
data/raw/metal/metal13.jpg,metal,2,data/raw/metal/metal13.jpg,a4d7df36d807f540e62fb91552e0a1926a8154c30c80fbf4207d4c1b845c4e6d
data/raw/metal/metal130.jpg,metal,2,data/raw/metal/metal130.jpg,6eb2378696940bd88fea366eeee2058c5430202561bec8128c49f1e8c225561e
data/raw/metal/metal131.jpg,metal,2,data/raw/metal/metal131.jpg,975b7d5db3e97c57f0191768a3a6b3f20bd0f7ab4868cc5a1909fada8c02252e
data/raw/metal/metal132.jpg,metal,2,data/raw/metal/metal132.jpg,3811593a63b4190976121c5d43287d3b70342ed35acc52b4a47aa45999f44740
data/raw/metal/metal134.jpg,metal,2,data/raw/metal/metal134.jpg,17a57deae02dfa268f964fde93494e8504565bcf2de190663d621e9b4d9df439
data/raw/metal/metal136.jpg,metal,2,data/raw/metal/metal136.jpg,881525ed0d214be04ffa9c3cf08bf6a457ba4a7a1f3c40c39de285c188859a5f
data/raw/metal/metal137.jpg,metal,2,data/raw/metal/metal137.jpg,8068751cd8ae7208f9f7af575fa1406cf8aeb5af232882baf091dd99544c2b5b
data/raw/metal/metal138.jpg,metal,2,data/raw/metal/metal138.jpg,b152ec937b301f5eb955c08b2fab4ada9ea7d84a2f238294b211c30a62d1c342
data/raw/metal/metal139.jpg,metal,2,data/raw/metal/metal139.jpg,e69ce4a19ea7ad865800d6ba1dc67e51c19ad3f3116fb5d7f7734ef427dffb4c
data/raw/metal/metal140.jpg,metal,2,data/raw/metal/metal140.jpg,3d427a2a75704ec9cdab1dd4253dfa54b5bf359f0dc3c8ed4430ea2856205c5b
data/raw/metal/metal141.jpg,metal,2,data/raw/metal/metal141.jpg,86a37aa48d59b282eacbc926500172c55c7836b4ad45517423c23cc99f7058c4
data/raw/metal/metal143.jpg,metal,2,data/raw/metal/metal143.jpg,06a375005afe2eaa148c3151b5887374b35724bd7f0998027602c111a468565c
data/raw/metal/metal144.jpg,metal,2,data/raw/metal/metal144.jpg,de1077e01a190aa4beafb87f57f772c3269ec7715294129d1a5c9f15df908802
data/raw/metal/metal145.jpg,metal,2,data/raw/metal/metal145.jpg,653a71600ef620c2abfcfe8c1269e2b2366f9d34fcd906db8d3c2e280615206e
data/raw/metal/metal148.jpg,metal,2,data/raw/metal/metal148.jpg,8b589d4d3c385ba8ff4f25b2b450ecf651ba437d2ebce67aa9b5eb4e71724c29
data/raw/metal/metal149.jpg,metal,2,data/raw/metal/metal149.jpg,ea2588fc9bd2d5c9e9acf459e9b01c4649ae9e705d499a3c6c4a12df8a3d7857
data/raw/metal/metal15.jpg,metal,2,data/raw/metal/metal15.jpg,55e83d54ac204ab3e22135e00968e44a091ca382dc5a0bf9b39efe9b80b25ca2
data/raw/metal/metal150.jpg,metal,2,data/raw/metal/metal150.jpg,30cc41ce392d1c1ef10164a44cf4026e0c4534547f191b30856a9b1dc3eb1978
data/raw/metal/metal154.jpg,metal,2,data/raw/metal/metal154.jpg,1bc190a99efaeaeb043af606f8597b42bb2c0563b94ac9a19f13fadd40eb27b6
data/raw/metal/metal155.jpg,metal,2,data/raw/metal/metal155.jpg,23bd72dbde307e0c02e8563657075a93647072a7e69efce85d20de58f9461a91
data/raw/metal/metal156.jpg,metal,2,data/raw/metal/metal156.jpg,c09910726706083dedfa7d1e13e7dfe2d05ce66c2f422648e52ed2890928cecd
data/raw/metal/metal158.jpg,metal,2,data/raw/metal/metal158.jpg,af194e858fb023503cee852e9448174ed81ddfd6144a0d3b5d82ccf35bdbcae4
data/raw/metal/metal159.jpg,metal,2,data/raw/metal/metal159.jpg,2db6e692e6f70e497acd068167546bb14ee4b3e423e8c80deb5a35a7215c2453
data/raw/metal/metal16.jpg,metal,2,data/raw/metal/metal16.jpg,2e124740d495a71472fbaf4f174c6cebaedb862c5b0c1921d99798e644434960
data/raw/metal/metal161.jpg,metal,2,data/raw/metal/metal161.jpg,a35b3d08ada679342504b59e4fd634e0d5c556e84b4688149dd39f4a8acf3162
data/raw/metal/metal162.jpg,metal,2,data/raw/metal/metal162.jpg,2142ccd5346addd31bb14056d17acaddfa61738d85b4a9a424714059263ac574
data/raw/metal/metal163.jpg,metal,2,data/raw/metal/metal163.jpg,344a7f02c7d2f4cfeb25b734c802eda5e8c1a683a0ffc57e14a3d1f045bbc696
data/raw/metal/metal164.jpg,metal,2,data/raw/metal/metal164.jpg,f3138cc3eeb04153dadac29fef6a259f66fe7883cca8d33071dfeaef32a36eff
data/raw/metal/metal166.jpg,metal,2,data/raw/metal/metal166.jpg,c171a1ad8d1de4de1ea8976697b1ca608e9780ff61d7ba0f40dbb0353dcabae2
data/raw/metal/metal167.jpg,metal,2,data/raw/metal/metal167.jpg,15789e4b13e115718d5b2362d6663f0c1c868904088e5fc83ff33884e162991d
data/raw/metal/metal168.jpg,metal,2,data/raw/metal/metal168.jpg,761e31a55036be18318ce7634ba174e17910e707ca5798debfd518a4fc1ee57b
data/raw/metal/metal17.jpg,metal,2,data/raw/metal/metal17.jpg,80a4427fa8828b37c2bcb969e941956a50ebd2f7578975dd2842b68d11f8741e
data/raw/metal/metal170.jpg,metal,2,data/raw/metal/metal170.jpg,7ca0341822ae42c3cbe89d17a4336c3bfa2f50bce8fa6cb559dd0b767098d4db
data/raw/metal/metal172.jpg,metal,2,data/raw/metal/metal172.jpg,849031109bca9ca152522d22922047701690fe65679a0d648f55f71a0813da0d
data/raw/metal/metal174.jpg,metal,2,data/raw/metal/metal174.jpg,8ae03f7749fc396d487244ed1cad32954c5d579fcd2620b609ac8f7f578bad14
data/raw/metal/metal175.jpg,metal,2,data/raw/metal/metal175.jpg,d3982a15a88776bcddc2a257b2d319d69c3bd23a1bbd7b5c121818da85f4a7a5
data/raw/metal/metal176.jpg,metal,2,data/raw/metal/metal176.jpg,d5601d2eca8d41260c636e4c2059104b662a397df77b1e7b222514dbc653439d
data/raw/metal/metal177.jpg,metal,2,data/raw/metal/metal177.jpg,52d1479756eae984dc1f0734e54487ac24df871d9b1d53d95bf0fe78039f1ece
data/raw/metal/metal178.jpg,metal,2,data/raw/metal/metal178.jpg,b965677ba10ae67f209b32ff2962a48ba593638ae142c854999b80bdac8ffe00
data/raw/metal/metal179.jpg,metal,2,data/raw/metal/metal179.jpg,f5863266368f19041ce3df411a2fe0970264b0b796742ca663a937a98fd42b94
data/raw/metal/metal180.jpg,metal,2,data/raw/metal/metal180.jpg,be03c4e938a384498612241ade801334b667bdfea4e815fb13082117b4d0ba8a
data/raw/metal/metal181.jpg,metal,2,data/raw/metal/metal181.jpg,7eced799ed72a68fc87e04274a1ea016fe888eac6d944f601d9c4cc7623eba9e
data/raw/metal/metal183.jpg,metal,2,data/raw/metal/metal183.jpg,9813406c220078597003594411307c003455d981edb81aa299d5b993b268685e
data/raw/metal/metal185.jpg,metal,2,data/raw/metal/metal185.jpg,bdc699a908783ac33bc196c3583282057e192549a0727951f81636c6e79b534e
data/raw/metal/metal186.jpg,metal,2,data/raw/metal/metal186.jpg,f6fbe70ee36fb0907264735e8abf67ebea2283dcaa3fcf08a273baf528ab35e5
data/raw/metal/metal187.jpg,metal,2,data/raw/metal/metal187.jpg,bcbf889aa70c570c63ad34a9d7e7ab233ac2e018df130dfa758c8cb328ddeec7
data/raw/metal/metal188.jpg,metal,2,data/raw/metal/metal188.jpg,6f9179ad6a8fe315a897c71d49199ae16597a8f4dacce768cf43578fcf4e24f4
data/raw/metal/metal189.jpg,metal,2,data/raw/metal/metal189.jpg,9bf8fe2ab0d75150945b673367536e5908ff7dd4c06344cca36b6f6ad5de62e4
data/raw/metal/metal19.jpg,metal,2,data/raw/metal/metal19.jpg,17e8f88f88ba0c360dc6b1c819704bb51c771f0aee389fb64fe3f62637bf1e87
data/raw/metal/metal191.jpg,metal,2,data/raw/metal/metal191.jpg,6a7c9e196b6ae628529b03b287eef535d307fd50eecb043765fc145197450829
data/raw/metal/metal192.jpg,metal,2,data/raw/metal/metal192.jpg,658bf4daf9cf82ab9b4f5794946d0be8db7c2e0cfd33f1b656bc8bc5b6878d7e
data/raw/metal/metal194.jpg,metal,2,data/raw/metal/metal194.jpg,9a053040fe4659333e538c775708c29f342e5c9adb630d80ba1228eeed0c1957
data/raw/metal/metal196.jpg,metal,2,data/raw/metal/metal196.jpg,e34b0d55ae3e8bc6f46d38946a51e7b31bca188e9fcd94bf5927b542eed2ce70
data/raw/metal/metal197.jpg,metal,2,data/raw/metal/metal197.jpg,0a0206ae58033eba8cd830128181304756920c01ec3c7e599cad6ec9d71ef70b
data/raw/metal/metal198.jpg,metal,2,data/raw/metal/metal198.jpg,67bb6cea363369ce6ede15e32f664bb08393386c0950c2b4f835a6a3badc8b24
data/raw/metal/metal199.jpg,metal,2,data/raw/metal/metal199.jpg,70bed46cadb3dc4faaf054dd2319b748ae4fa62f0a69d6415f0ab21fd6de11e4
data/raw/metal/metal2.jpg,metal,2,data/raw/metal/metal2.jpg,da59c3fa97ea7e9ef2e374a7ccc4cc84d350f3a3e4bcefc6e601d0cc4ecae7ed
data/raw/metal/metal20.jpg,metal,2,data/raw/metal/metal20.jpg,12faaf4bf45f86a12f004e8518748b0abc1a6ff6b090aaac80e2a2dde32c2c16
data/raw/metal/metal200.jpg,metal,2,data/raw/metal/metal200.jpg,fd3a8e88041429279bcb1ed409d7bd8901017e2912274b94f1a591c584638db5
data/raw/metal/metal201.jpg,metal,2,data/raw/metal/metal201.jpg,4302630b651a017c0c0e98695384f4373f67390a7472fac5105d388ffa131701
data/raw/metal/metal203.jpg,metal,2,data/raw/metal/metal203.jpg,3e24987057034d4bdb1e5f4efd6530f833f37bce839f38bed2c0f2dbdc22ae00
data/raw/metal/metal207.jpg,metal,2,data/raw/metal/metal207.jpg,52f1e32a3a0a72775a78a18bbd15c2f973df594d4845471678405563b18657e5
data/raw/metal/metal208.jpg,metal,2,data/raw/metal/metal208.jpg,475900e7a90168e37fbaed9e9dde92cfde87db6e4578957f5d12e7ffd27c17dd
data/raw/metal/metal21.jpg,metal,2,data/raw/metal/metal21.jpg,f2dd2e04bea9964dd5a699723858eb9705b52889b5614bdc09260effec563ed9
data/raw/metal/metal210.jpg,metal,2,data/raw/metal/metal210.jpg,7fc46680580b2c3d7750b9ea1b0504b70db5ad4e6acb0e874eade1032356f513
data/raw/metal/metal211.jpg,metal,2,data/raw/metal/metal211.jpg,249e102551f9b38e40bc026485a7be3a7623f3abbfcd0108ee8cea531d0532f4
data/raw/metal/metal212.jpg,metal,2,data/raw/metal/metal212.jpg,7a1d9f2b32b18b73e591427b5ec4669e21ac23f01db9f71eaf65cc4b4655fcd7
data/raw/metal/metal215.jpg,metal,2,data/raw/metal/metal215.jpg,9e86dfeb376749dd7fd5a66e86e5b86c5128cce01db8d68372fb43ec0f57f3af
data/raw/metal/metal216.jpg,metal,2,data/raw/metal/metal216.jpg,9a00f9043f6bad61a2fa920d71e28a974844e1b93d6ba3671a25d1dfcc33d0d5
data/raw/metal/metal217.jpg,metal,2,data/raw/metal/metal217.jpg,735503b328adb446f9787f872a439af4ca5bf2c33041b3728432d59d01504a6a
data/raw/metal/metal218.jpg,metal,2,data/raw/metal/metal218.jpg,507f6377728af8978cb6c8c4460df84865b916032e5230f70b31f6b0cf817be2
data/raw/metal/metal219.jpg,metal,2,data/raw/metal/metal219.jpg,f49811a508458d2c9c3b71c8c0e042f05c4e297818177d01322b01723d608701
data/raw/metal/metal22.jpg,metal,2,data/raw/metal/metal22.jpg,6b353b75aea6d88340649a52d1a40feb3d6022474d48ad7d38eb8c694b452b48
data/raw/metal/metal222.jpg,metal,2,data/raw/metal/metal222.jpg,c943be388369a82dfa1417c1c23df8ac0f00ab80cb1e39c0de5c35af4947c87f
data/raw/metal/metal223.jpg,metal,2,data/raw/metal/metal223.jpg,ed04883b7548a704c37a6c05196e9b199a6db7144d2d30a4dcc2069a0aa268a8
data/raw/metal/metal227.jpg,metal,2,data/raw/metal/metal227.jpg,5ff1da55366f1915bb8d5fd6d846ad4bdd8258bb0a466a450cb311ee1fd9ef5b
data/raw/metal/metal228.jpg,metal,2,data/raw/metal/metal228.jpg,75f250c05742d0cc0eb981bcce2b78a5597d0fe8a46301331d187c564f283921
data/raw/metal/metal230.jpg,metal,2,data/raw/metal/metal230.jpg,58200416ab0635a386c6c5917c8f9e170dec6e9266d04c984a0e7e1f2dd69dea
data/raw/metal/metal231.jpg,metal,2,data/raw/metal/metal231.jpg,59f6dde9204d9fd4c5916e95085650160f3371883da5b3f621ebfbe936860288
data/raw/metal/metal232.jpg,metal,2,data/raw/metal/metal232.jpg,efb51aa6882025d081049b6bb807b664430e630be9f1285d993fd392f6a2bb4a
data/raw/metal/metal233.jpg,metal,2,data/raw/metal/metal233.jpg,030338f9dd3986a571552865e0fda1d91e13293fb370b1c0b110fc4043d03484
data/raw/metal/metal234.jpg,metal,2,data/raw/metal/metal234.jpg,c78f1e06c359fdd4a9557456d1d1d7ff404bc9ab8778907a84ad1cfe1b43e525
data/raw/metal/metal235.jpg,metal,2,data/raw/metal/metal235.jpg,b4b65449c9b9d7f98ce5f304a51f8241a4a3bce4b57d44418670e298d715a31f
data/raw/metal/metal237.jpg,metal,2,data/raw/metal/metal237.jpg,8dd6f0654f96f64f90e22f54e3b1587814cb3eab5aa650debde6060e1838ac02
data/raw/metal/metal238.jpg,metal,2,data/raw/metal/metal238.jpg,e892a55332853eaca57cac4131e2d21945bb755464a05c74aaf8c4858f57d3ec
data/raw/metal/metal241.jpg,metal,2,data/raw/metal/metal241.jpg,87a4626c3af3efaafdac46dd7fc4258cd432d32e2de4c620c2d4e39f28999b2b
data/raw/metal/metal245.jpg,metal,2,data/raw/metal/metal245.jpg,3cdc3eb989939aee0d5be291dbac6db8fde8561fb1bc1a053c81e18f77b225dd
data/raw/metal/metal246.jpg,metal,2,data/raw/metal/metal246.jpg,ec5b921975637bd4db2d74e57e497ebdd96264e338dc777d1829a6520bbea24c
data/raw/metal/metal247.jpg,metal,2,data/raw/metal/metal247.jpg,ab6e62249c7a90795afe3420b50ea141a8d8fd7bc1ea162d7d6660978feee123
data/raw/metal/metal248.jpg,metal,2,data/raw/metal/metal248.jpg,748f022de77f98b4f437853c8bfbe63c505115f1632f1c2379abc75485c743ab
data/raw/metal/metal249.jpg,metal,2,data/raw/metal/metal249.jpg,b94f43400e61f17ac2a9cc720d5dd05ff33282dca59e0743055b6140e0c81798
data/raw/metal/metal25.jpg,metal,2,data/raw/metal/metal25.jpg,da5cefeb7ff32970800dbaf3a405ac871ada19c7ef33ced9aa3b1fdacc5f4b6d
data/raw/metal/metal250.jpg,metal,2,data/raw/metal/metal250.jpg,7b62e4dddd44aa7a9838c09d5e3590af565da114c8ad3f9b6c0869fbc9bfacf5
data/raw/metal/metal251.jpg,metal,2,data/raw/metal/metal251.jpg,b405aaeedbe83e6fe8dfcb0d9ce292a680e5870ff5482b45c6b2b2cea2b22324
data/raw/metal/metal253.jpg,metal,2,data/raw/metal/metal253.jpg,0413e18095f291a9981eef27ef111f46bc08d420777b5866fc6293b36f80eed7
data/raw/metal/metal254.jpg,metal,2,data/raw/metal/metal254.jpg,5f7729d8942296b24a2837b096cb747e61f45fe7fa7dc2c77075548ef881a97f
data/raw/metal/metal255.jpg,metal,2,data/raw/metal/metal255.jpg,446c9fe739a30a3c50308702b678c30e9a9ba110650dea6da94c1cab53d7c2b6
data/raw/metal/metal256.jpg,metal,2,data/raw/metal/metal256.jpg,c68b86c3ebd0f041245b0d53782f6b9a9067169264fb7c586b743a7c2472ff84
data/raw/metal/metal257.jpg,metal,2,data/raw/metal/metal257.jpg,0647d5376a54912ffb1ad2a53a18139a3d78d5901f34f9e372dab207f6dc7c3c
data/raw/metal/metal258.jpg,metal,2,data/raw/metal/metal258.jpg,408da93fefe2c7c939e13aabdde2c8ede85690177d8377a244d0794ec38466a3
data/raw/metal/metal259.jpg,metal,2,data/raw/metal/metal259.jpg,1dc73acaeeb07c595c7154f110d6ef94b446323dd5855ddbf0e9b8c4c4934965
data/raw/metal/metal26.jpg,metal,2,data/raw/metal/metal26.jpg,06c1dd04695d400b37ba96e1fb2455b6bd8dbb6e7f0cb5b9b6cc0ffc4b6eb32b
data/raw/metal/metal260.jpg,metal,2,data/raw/metal/metal260.jpg,3132b1888728f6f1aae7b578c08b2d4c153a18876eb4bece31f5523100a3168b
data/raw/metal/metal261.jpg,metal,2,data/raw/metal/metal261.jpg,770b06b68120e8ec7c5906381f0f70d6fed1b1d7ac457f60e94466b12aaa5823
data/raw/metal/metal263.jpg,metal,2,data/raw/metal/metal263.jpg,871b620dcae2c9bb012162c756a53e00d7c288a9b5014c67f7f7bf0f8da82bd2
data/raw/metal/metal264.jpg,metal,2,data/raw/metal/metal264.jpg,a7f6e7ee0b6dfda49116da17608ae5d3f05a936111eef0266b6e51c702ec8132
data/raw/metal/metal265.jpg,metal,2,data/raw/metal/metal265.jpg,848b01fb761ed29fd1bad130b3b526fea747c5338c953900fa117eec154de1f0
data/raw/metal/metal266.jpg,metal,2,data/raw/metal/metal266.jpg,423df73e6a1bd921e9e7a1ffee26f7ab06f57bac182b063df421b5b728178f3b
data/raw/metal/metal267.jpg,metal,2,data/raw/metal/metal267.jpg,7ba65e32f1182cc7dd453846174af33890867c9885e4d63fa10d00effd983209
data/raw/metal/metal268.jpg,metal,2,data/raw/metal/metal268.jpg,f567f55941181c665609ca7052f06a8af445438a73b8c5a408c822fc8a9a4880
data/raw/metal/metal269.jpg,metal,2,data/raw/metal/metal269.jpg,e56df9be46fbbb5fadd739b24a058acc4f419ff7a567f2c164a89390be832f04
data/raw/metal/metal27.jpg,metal,2,data/raw/metal/metal27.jpg,9c2415a47e9b1c1744ab393a6d065820384ea47a23c0a625fa52d8e98ce6a13f
data/raw/metal/metal270.jpg,metal,2,data/raw/metal/metal270.jpg,56e8e5a58b2e7f33cea00179b2fe2c94352726400d6803709e29ed71913f3c07
data/raw/metal/metal271.jpg,metal,2,data/raw/metal/metal271.jpg,e9bd8863c4b41a107e70a028f261cd0cb1a99355a9e1a88a60de95f2049692f3
data/raw/metal/metal272.jpg,metal,2,data/raw/metal/metal272.jpg,0ca9f3bbece958bc3b601a84ba4c89cd09513172f1047a602fa0712ec66b7452
data/raw/metal/metal273.jpg,metal,2,data/raw/metal/metal273.jpg,7642c2315d9009be45a58f9fbbd78a2e786f9b00d74f09213bbee05bdc2e5fd4
data/raw/metal/metal275.jpg,metal,2,data/raw/metal/metal275.jpg,cbcca3f28ab464eaf7ecd98412dba2417a7fcc9c6b6b47d0594ca1a86ed75bd6
data/raw/metal/metal276.jpg,metal,2,data/raw/metal/metal276.jpg,590eea2bd198bf907b896a848e22cbea309ad0eb6a997bcbbadef218d376e929
data/raw/metal/metal277.jpg,metal,2,data/raw/metal/metal277.jpg,51c7cff9d8ea7e43822160aa242c591326b78e022a510d95dfda670d60452e53
data/raw/metal/metal278.jpg,metal,2,data/raw/metal/metal278.jpg,f9b3f19a68e5b0debddd4bd8e834b1bcbd03496b163a3f8f417472296ac90c6c
data/raw/metal/metal279.jpg,metal,2,data/raw/metal/metal279.jpg,9709b271c3549c820f6a85a9371fc47f6502fa9975c76d15f9ea1e6c37a11cda
data/raw/metal/metal28.jpg,metal,2,data/raw/metal/metal28.jpg,a1842aa872d2dd179e670cdb8ca587b1b4c3f821b413046ea59dde5a369a49e4
data/raw/metal/metal280.jpg,metal,2,data/raw/metal/metal280.jpg,2667ce6cb65c06bb6826444ffb2c2389042494b54c4a3cf0aee2a098d5a4220e
data/raw/metal/metal281.jpg,metal,2,data/raw/metal/metal281.jpg,c820ec4d35ec9f7f74ba3a42d0d5089dc2b9371eec31d5a81d366d7d1d2f7710
data/raw/metal/metal282.jpg,metal,2,data/raw/metal/metal282.jpg,6b283a3bafadb0b812d6032eabb77e76eacb862d3d7352b07e4ffff8eb94b623
data/raw/metal/metal285.jpg,metal,2,data/raw/metal/metal285.jpg,f6ff265cbcc6ca87645a982332bbe1c1301a82425a9b360cc69614d282b6ad77
data/raw/metal/metal286.jpg,metal,2,data/raw/metal/metal286.jpg,f10a644674b2455d017ad281fbd3f6996d6d9967a914b23f264b737abd21c08a
data/raw/metal/metal287.jpg,metal,2,data/raw/metal/metal287.jpg,8304dca3c312d10eca697d60bcbbac74858971d966019a7807c6ff22d95c1256
data/raw/metal/metal29.jpg,metal,2,data/raw/metal/metal29.jpg,13aa829cf9765a02f5a1f3d882b6040545e93b79cca6bd9aa840725c2587c839
data/raw/metal/metal290.jpg,metal,2,data/raw/metal/metal290.jpg,c9127729efcf4d2d426edf5dd69e01f40b204c82914ea03e2e8bb888bb49de95
data/raw/metal/metal292.jpg,metal,2,data/raw/metal/metal292.jpg,9e7ef3d5d3a675800e44eddd06a21ef8ea4e3396ede10baa7537e8cefdd2a38b
data/raw/metal/metal293.jpg,metal,2,data/raw/metal/metal293.jpg,9f8888050b7043d757bc860110edb1d1e20e0805ec25a0c3541caa02fd9a04c9
data/raw/metal/metal294.jpg,metal,2,data/raw/metal/metal294.jpg,87f5acddffe00ac6e78e94849697d31afd80a5aac3c7061615db57eb822825d0
data/raw/metal/metal295.jpg,metal,2,data/raw/metal/metal295.jpg,9590b871a82a5514e73f9dcf7b7faf7e8ff3b56435ece9cf864e7a4c4a55f966
data/raw/metal/metal296.jpg,metal,2,data/raw/metal/metal296.jpg,34bc4ee4ce56e91e3e0561067d5a05ad377b3dcd26175c6f732ae583d89683c3
data/raw/metal/metal297.jpg,metal,2,data/raw/metal/metal297.jpg,52874a6abb0da1d262afa2e9f676d76d6c27e313659500588211e5744a7d5424
data/raw/metal/metal298.jpg,metal,2,data/raw/metal/metal298.jpg,9d5ba9b26916a1ed4f9af47ad26de14b48606f38749bd803f3f30f011fceba24
data/raw/metal/metal3.jpg,metal,2,data/raw/metal/metal3.jpg,a8c75d9475f6d0dd16a6f68c800d37d8910e74f23240d0510e47532239027714
data/raw/metal/metal302.jpg,metal,2,data/raw/metal/metal302.jpg,97ef3f279313dfaf8931e25f699b9afbb193dcd5aa5329a4676b678a4dcab090
data/raw/metal/metal303.jpg,metal,2,data/raw/metal/metal303.jpg,ecadc879b646436b973b54fdd61e6ae8cb27a4a421090c3faaee8b701dbc503c
data/raw/metal/metal304.jpg,metal,2,data/raw/metal/metal304.jpg,d4640c1eaa6fe9076189ffae38795607d57c399f278596f2ef2a851c0a7f1669
data/raw/metal/metal305.jpg,metal,2,data/raw/metal/metal305.jpg,a6912d622b544a06d59817d8c956f9c3d03142fbfbb4161a56708fe95cb5e9c8
data/raw/metal/metal307.jpg,metal,2,data/raw/metal/metal307.jpg,617a85c765e82f6036997e6204090dffda026898eba70f46e26fcaafb0df9cc3
data/raw/metal/metal309.jpg,metal,2,data/raw/metal/metal309.jpg,22d1e8a8ac35fba47d17ffe47b11c363801e379a2ede5fe480c8d9394f9ad611
data/raw/metal/metal31.jpg,metal,2,data/raw/metal/metal31.jpg,bf029f4e238e7aeb266d8a5947e33f18cb17bebce18ed97e2ca9db0671f10c6d
data/raw/metal/metal310.jpg,metal,2,data/raw/metal/metal310.jpg,10bff8c5d8e0dc1bdd5785f57de5e4a0b69913813781b10cf5ecf09b42bbe6b9
data/raw/metal/metal313.jpg,metal,2,data/raw/metal/metal313.jpg,d1027e3400963946dadd07fb36ef43d95c5fd7bb11c72f4ff7e8f1a59e1d9851
data/raw/metal/metal315.jpg,metal,2,data/raw/metal/metal315.jpg,8fd19560626992c39fdd8218f990c884a86971006b76827259f19416a6bef828
data/raw/metal/metal316.jpg,metal,2,data/raw/metal/metal316.jpg,bb7cd5061a07f8459c0ffb10a48ad1c5967755fa9d6faca97337940799c0c3ba
data/raw/metal/metal317.jpg,metal,2,data/raw/metal/metal317.jpg,2b0bf75581cbeb9eaaa4fb7788362fe87cce5089f2ab4ff58ee9541a072f0e78
data/raw/metal/metal318.jpg,metal,2,data/raw/metal/metal318.jpg,4943033cf2fe0a3010b72017e9328bfeecc6e5d263959fb64a365937a57ed272
data/raw/metal/metal320.jpg,metal,2,data/raw/metal/metal320.jpg,c5d3532166d56825b106eddefff6fc388b8d7a13ee97f9c54e5633c32eae0a2b
data/raw/metal/metal321.jpg,metal,2,data/raw/metal/metal321.jpg,d2dd71182401d8bf5435688d69f63b8f39180d5d8f30c1953bbd663f7a0ab011
data/raw/metal/metal322.jpg,metal,2,data/raw/metal/metal322.jpg,b637cef7074907a5a1baa9703e1b7ad4cacda649cf66799e63376747be327e95
data/raw/metal/metal323.jpg,metal,2,data/raw/metal/metal323.jpg,8c631b399474092ee2527e13fa431b2d8bf2f814956735b34f92bd7845651977
data/raw/metal/metal324.jpg,metal,2,data/raw/metal/metal324.jpg,fe049594033f81b4464b63208b68f68c0cbb3b8dac8d0c059e771e8418a88393
data/raw/metal/metal328.jpg,metal,2,data/raw/metal/metal328.jpg,d476473e802901fc009eb708a3a41c5198fd3ed9ccef527c48de890bcbaa14cb
data/raw/metal/metal329.jpg,metal,2,data/raw/metal/metal329.jpg,dd6c15c4d85fc6eb3bfcdd04d6469c8bc8fb89c891b0dd6f413f4597a0c24572
data/raw/metal/metal330.jpg,metal,2,data/raw/metal/metal330.jpg,9800b5cc2d5b37161c86e3f1878f21f8119c3f0fe4d82b097ba5113777dde502
data/raw/metal/metal331.jpg,metal,2,data/raw/metal/metal331.jpg,346c7ac6c6bf721810b67332d4311769adb5620da52e3b063522c649ba11ccbc
data/raw/metal/metal332.jpg,metal,2,data/raw/metal/metal332.jpg,73cba85746400ef60cfbde539c3bf6fce9375a0d6fb9519983e56af2ccd95f10
data/raw/metal/metal333.jpg,metal,2,data/raw/metal/metal333.jpg,beefdccb03a7a0132bd21d50004b775a402a3cad27972d169dfb4c7322b5f38e
data/raw/metal/metal334.jpg,metal,2,data/raw/metal/metal334.jpg,c1723b93e8ac8fd1b2204898c215843743725cfce8c3693a9257b3248d708294
data/raw/metal/metal335.jpg,metal,2,data/raw/metal/metal335.jpg,3032a269b17eb35e3aa0d6bb07f57b1d467de26df78748ac4669765820c1e99f
data/raw/metal/metal336.jpg,metal,2,data/raw/metal/metal336.jpg,d85410f8e776047a7bf5c3c436182af44dda80d76d0a4952de4da0112f8830fc
data/raw/metal/metal337.jpg,metal,2,data/raw/metal/metal337.jpg,ed30620f77fd4dbc65256dce2b53ce7f92b7e2189c6c3ce81ba1d072887fa234
data/raw/metal/metal339.jpg,metal,2,data/raw/metal/metal339.jpg,90eba51676932b482a1052128e3eb86fd318c988f5acf7c81eb959012c53ffc3
data/raw/metal/metal34.jpg,metal,2,data/raw/metal/metal34.jpg,05293a24ebfa31caa438ba522996f715de17ba84a8618e0a3db7d17cbcc14eaa
data/raw/metal/metal340.jpg,metal,2,data/raw/metal/metal340.jpg,5bc8b3809eaad064ba7594d1e271f7002504d7642ad3a9bc8c73e36fcfd0d424
data/raw/metal/metal341.jpg,metal,2,data/raw/metal/metal341.jpg,dbd950d05165c3595b7daab51f387fc0dbc10cfea64d1273e9aef76047a4abad
data/raw/metal/metal342.jpg,metal,2,data/raw/metal/metal342.jpg,7b16ff62309f115160a8e172c0a088048e1e01c3867c49cd0ea002bed3ad1956
data/raw/metal/metal343.jpg,metal,2,data/raw/metal/metal343.jpg,b323750ec17bb7cbe0609ba18c07dc966cdd2ab2063f1ad323f4bc7d589c542c
data/raw/metal/metal344.jpg,metal,2,data/raw/metal/metal344.jpg,75541c15a811597a817da2d32117b2f90c36ef7d4a4680b8b5a734daf45e53c8
data/raw/metal/metal345.jpg,metal,2,data/raw/metal/metal345.jpg,c30e1216f6d5fb43a87f80b2b75404e0b62fbcb530e173c646b302299a1cfdfb
data/raw/metal/metal346.jpg,metal,2,data/raw/metal/metal346.jpg,67b3dff10752489b2cb8dcc3f8d3c183f17dad8f79ade1aef25fd5eb2d1df62b
data/raw/metal/metal347.jpg,metal,2,data/raw/metal/metal347.jpg,169d8a86cdf976aa6f1c15d4a6b059dd60da707735164a2192a8fb31fec206d1
data/raw/metal/metal348.jpg,metal,2,data/raw/metal/metal348.jpg,9f8b9020a7ba90096d37faa78315310e4a4caf3683b806671de45a8f66577ba2
data/raw/metal/metal350.jpg,metal,2,data/raw/metal/metal350.jpg,e5c11cab3471d63231449c669f779d85a372492cae981a3731efab9d6a0ed26a
data/raw/metal/metal351.jpg,metal,2,data/raw/metal/metal351.jpg,e47484d4ebebc7e9c062ce870d16511d0cd6ddbb982ffd1508ad4bb4738db11c
data/raw/metal/metal352.jpg,metal,2,data/raw/metal/metal352.jpg,4151023e49f4fc4a400dcdf30976aa36702669294bafd6a7b8f94cd145b47527
data/raw/metal/metal355.jpg,metal,2,data/raw/metal/metal355.jpg,fdca4976b739e7cf49cac29a4cc8ce0e2f29550928f3cbd3f95bb7060b6af10b
data/raw/metal/metal356.jpg,metal,2,data/raw/metal/metal356.jpg,d440385492b0c12a78b3bbfd9636491807fa5f823350c77d3482f685b18df872
data/raw/metal/metal358.jpg,metal,2,data/raw/metal/metal358.jpg,95a15b8ac8970606441b478ddf6083e6d891573a05d7e68b0b923d9aa9200722
data/raw/metal/metal36.jpg,metal,2,data/raw/metal/metal36.jpg,ce674090d08a49192555a3804365a2ba79f564c7d7372f370d2ec031e278b386
data/raw/metal/metal360.jpg,metal,2,data/raw/metal/metal360.jpg,5dbd501eccfbbaf0bd30ef527ccd97e050e9fd4398721fc2cc5ac6e5493c88ce
data/raw/metal/metal364.jpg,metal,2,data/raw/metal/metal364.jpg,b95bc24b3a9779fac5aed239cc482c3eae8515e762b67f754464f9458307b03d
data/raw/metal/metal366.jpg,metal,2,data/raw/metal/metal366.jpg,8c9a254781650fffc9ff2f95d7db6cd73ca81de60a099e58d9bc06b8670a1989
data/raw/metal/metal368.jpg,metal,2,data/raw/metal/metal368.jpg,33cb876f9ce5af156674ad6cc7bb5a065991506eefdcc76d5b7a3a05f4f75b1f
data/raw/metal/metal369.jpg,metal,2,data/raw/metal/metal369.jpg,a6444061a818dade7b0182dbeafad3c4856b0d1f88ff45c17b909b7cb910e327
data/raw/metal/metal37.jpg,metal,2,data/raw/metal/metal37.jpg,ff96d022756043a5d1242f7b69f67e49ede5a5711ad5b2526f5015662a0fb007
data/raw/metal/metal371.jpg,metal,2,data/raw/metal/metal371.jpg,0240d79e364cd38b6b0ae37f8fa09d5121a65e2ba21eb4229f9931346aa460c6
data/raw/metal/metal372.jpg,metal,2,data/raw/metal/metal372.jpg,0253bcb2f1b13887013ce924d61ff67f63a02b377ae6ee189541e4d18acde7ba
data/raw/metal/metal374.jpg,metal,2,data/raw/metal/metal374.jpg,75410c9177b1ff1998f6a73d394ce9c41e5008e5e4a8a854fdc1a831a71684fe
data/raw/metal/metal375.jpg,metal,2,data/raw/metal/metal375.jpg,c1c1a94ce0b21b7666e7f3f5592151243a7a2e16f73d3869cad9b04a5fcfe14a
data/raw/metal/metal376.jpg,metal,2,data/raw/metal/metal376.jpg,3e5f126d709306c52a7ed69d1cd485fca28af671e17b741aab5f6747905efeb3
data/raw/metal/metal378.jpg,metal,2,data/raw/metal/metal378.jpg,46ae76df42f34a292d93347d29f41c1f88cc0737e1e4e4a3f9759c3b1e270654
data/raw/metal/metal38.jpg,metal,2,data/raw/metal/metal38.jpg,cf67e6c88793b244bfc3cdf8d6389c475c8641cc4b33bb720d87c8a49ffefa20
data/raw/metal/metal381.jpg,metal,2,data/raw/metal/metal381.jpg,d609ce97e15c2f639d2b01d0ee3d07e30bd099964371c6f2476ace03aa37b079
data/raw/metal/metal382.jpg,metal,2,data/raw/metal/metal382.jpg,1567cb561fcaa4502770dbd22a086f11189ab40e39817b4554544ca2614edc56
data/raw/metal/metal383.jpg,metal,2,data/raw/metal/metal383.jpg,e8faf1522a235b7022da1fefabeb339e2c761c5ddb9c5d77b50fb82b2a68cfac
data/raw/metal/metal385.jpg,metal,2,data/raw/metal/metal385.jpg,a7df0104bb93ac924ae1117df3ba3efde224cba388a060dc7846977e69bf5241
data/raw/metal/metal386.jpg,metal,2,data/raw/metal/metal386.jpg,dc320bcd69c7c581537a18e08966424b5eca0f14a874deb70a764194fb14a6ce
data/raw/metal/metal387.jpg,metal,2,data/raw/metal/metal387.jpg,4fb781fce54a6d4f689f6eba2cf41e42285e4963c76d25292bab5f3b066a3d01
data/raw/metal/metal389.jpg,metal,2,data/raw/metal/metal389.jpg,33ed5bedbe97a9b8244afc1603b335cb88b397475eb0a064f542fd7d0a0193ec
data/raw/metal/metal390.jpg,metal,2,data/raw/metal/metal141.jpg,b3fd958da7033b2ea056bd917fc0eebb19874c238ee3873e3c131e3c7890cc92
data/raw/metal/metal391.jpg,metal,2,data/raw/metal/metal391.jpg,a37c6e33d5e00f633006e206c499d610f0782da676e5c9c7a157d27423f5cbb0
data/raw/metal/metal392.jpg,metal,2,data/raw/metal/metal392.jpg,62112227da546062760486f15060c6943fdcb4fdc3a891b5a488ba948b5608d0
data/raw/metal/metal393.jpg,metal,2,data/raw/metal/metal393.jpg,03df33467ca34568ab435414614bb91881b006510bfa7fcc5cb131f51990ec9c
data/raw/metal/metal394.jpg,metal,2,data/raw/metal/metal394.jpg,faa78494494831097ab686e7de6e1db569390fb1d5976a5f12cc3fa9bcd5cf56
data/raw/metal/metal395.jpg,metal,2,data/raw/metal/metal395.jpg,6ed31f3df9dabc2642d832ca5ff886a10106d3ad38af087ad23a8e270c7bcde7
data/raw/metal/metal397.jpg,metal,2,data/raw/metal/metal397.jpg,b1129a325bac824818c54397630ee81a7e7128535c8b47f621381ab89e41fd76
data/raw/metal/metal398.jpg,metal,2,data/raw/metal/metal398.jpg,8cbe5acdfab8791a3286a60fde299d9a22fc4fcfb489cd69acf9458da69bd849
data/raw/metal/metal4.jpg,metal,2,data/raw/metal/metal4.jpg,89973ff7d5c5d42652431b11bf86c73c7dab04fcf49f7742d6f54d65984445be
data/raw/metal/metal40.jpg,metal,2,data/raw/metal/metal40.jpg,17c58a4d59b4b066d5e511cdc2e8199f0122019c1464abf527b3521917fc3ad7
data/raw/metal/metal400.jpg,metal,2,data/raw/metal/metal400.jpg,1133b997083dcc2d802b01f5b2a8926c3d1e591e25f316be3530039fb5190348
data/raw/metal/metal401.jpg,metal,2,data/raw/metal/metal401.jpg,e022819dfeb2857c30014d0898f01a098e2d2e89f35cd21e6332ebd4be71a27a
data/raw/metal/metal403.jpg,metal,2,data/raw/metal/metal403.jpg,23e20d8dd91193b3a6df158a8d0e80fd2524cd609d998dcda5a055a8ed9c5074
data/raw/metal/metal405.jpg,metal,2,data/raw/metal/metal405.jpg,9ce88a7d6ea6e779a0dfcb6a05f52074f023dda19b268626cb56725360411219
data/raw/metal/metal406.jpg,metal,2,data/raw/metal/metal406.jpg,f17d023b7a7bdcc6ac2c7ea673fa97ee75e5e07906ded6c69e56250acc0cc633
data/raw/metal/metal407.jpg,metal,2,data/raw/metal/metal407.jpg,295e15363ee7393963f785f7a43dad7207460e041c43a1f36e7514e635300626
data/raw/metal/metal409.jpg,metal,2,data/raw/metal/metal409.jpg,dd23209ed736f649d253e52972ce5a6f4531e375dc8cbf56f40cb9308a2d2573
data/raw/metal/metal41.jpg,metal,2,data/raw/metal/metal41.jpg,a30654d04e0c1b003cf22d8c2301cc8e69247387ce1951f91d5ae823921424d0
data/raw/metal/metal410.jpg,metal,2,data/raw/metal/metal410.jpg,0fbba5809d8eeaf7ab980ce7acc5941b01c530d09ee62a778f53735320a4a664
data/raw/metal/metal42.jpg,metal,2,data/raw/metal/metal42.jpg,1fe2f89d48cc09373cdd7899c07c090ffec93bab339d660066c9fe4d1c430667
data/raw/metal/metal45.jpg,metal,2,data/raw/metal/metal45.jpg,3ff96fcc9bba133ea54d8b1169379a15386c4a0613e92fc7bc9dc259e6b89d89
data/raw/metal/metal46.jpg,metal,2,data/raw/metal/metal46.jpg,0fd71c2e973de5faf29906659e41c111a8cb023f6dade971af1a2fc972ba0004
data/raw/metal/metal47.jpg,metal,2,data/raw/metal/metal47.jpg,44edfada36d51d2098507fb89d79f50e79df3ea8c2b122c18502ae782e0ca4f2
data/raw/metal/metal48.jpg,metal,2,data/raw/metal/metal48.jpg,8cf0c25a3722935900dd455ed58d8d42915c01710c542cada4d2d877240709d6
data/raw/metal/metal49.jpg,metal,2,data/raw/metal/metal49.jpg,0cbb9f87d347d1be4ecebb5988a8a450bd844cafafd79958f07fc933b28952e6
data/raw/metal/metal50.jpg,metal,2,data/raw/metal/metal120.jpg,83e366a9abd3d4a450916672b6043699cfcb8c20ea31d0b28cf928e69589cac6
data/raw/metal/metal51.jpg,metal,2,data/raw/metal/metal51.jpg,98bc09cb0c3492a8f5f1952f2cff644fc4858a7e1842f537a89625b95581ca7c
data/raw/metal/metal52.jpg,metal,2,data/raw/metal/metal52.jpg,35603bfbca4ee38bdfb80d48b080595399f7d2429355140d29f4954ff7a52876
data/raw/metal/metal54.jpg,metal,2,data/raw/metal/metal54.jpg,baeb710766e950fc6a544b7a42c834572c9168e1705235762f82314f13ae9975
data/raw/metal/metal56.jpg,metal,2,data/raw/metal/metal56.jpg,f67170a855f5bb923145af4d90d7d505164b011778d62d72d1a2603db778acd8
data/raw/metal/metal58.jpg,metal,2,data/raw/metal/metal58.jpg,2c1b7263f7e1adeb64bba4692d887752d3f6462213d1d6f6673e42aac37b91bc
data/raw/metal/metal6.jpg,metal,2,data/raw/metal/metal6.jpg,37091e78c6dcb2b65011ff77534e0c24008c8ec6f6cdec4252e2b94ddcbbc64b
data/raw/metal/metal60.jpg,metal,2,data/raw/metal/metal60.jpg,708e589ec4c83db19b13f1f1d1f0363465ef76427c8a7bfe247056d32effe56e
data/raw/metal/metal61.jpg,metal,2,data/raw/metal/metal61.jpg,8a7ac3f8a04ad5b16580dfbeb8b02dc38ca17d02fa280b796840b7ad22cb6e52
data/raw/metal/metal63.jpg,metal,2,data/raw/metal/metal63.jpg,0e4e8e413f4b1d56a22dafd8cc1487c4193933aff1984a2a97f741271bfd0c5c
data/raw/metal/metal64.jpg,metal,2,data/raw/metal/metal64.jpg,9d745e44783c743b14c5092387139553a94e671bb557dd35e1a4771da8a6bfea
data/raw/metal/metal65.jpg,metal,2,data/raw/metal/metal65.jpg,5bb983664aae5f1f02a852a10d33114a1f97ad19ed78a313276ad732cdad117d
data/raw/metal/metal66.jpg,metal,2,data/raw/metal/metal66.jpg,22389a79d35d5e8d121394e093dd723724e2184fd007f4c03b98c43b8c8fa48a
data/raw/metal/metal68.jpg,metal,2,data/raw/metal/metal68.jpg,90df0d9174b239a2af75328dd80fd3b6dfc96471b59566e5181307ffc86e7f5f
data/raw/metal/metal7.jpg,metal,2,data/raw/metal/metal7.jpg,9b90ca957763cc688295ce4d2ac488b588f1c16384ebe4bf62c12373b0203968
data/raw/metal/metal71.jpg,metal,2,data/raw/metal/metal71.jpg,7f174868aec04cf615763c51c00d3cb4004c67da204d40238656b79d4cd8ad4e
data/raw/metal/metal73.jpg,metal,2,data/raw/metal/metal73.jpg,778ff2ea6068a67b89c09444024b5d272ad101f4017cb069eeda5a0ec5b46556
data/raw/metal/metal74.jpg,metal,2,data/raw/metal/metal74.jpg,05712498b243211d0e0e6292cbb8ed6c2df586212ab5009bb470b87c5f362bec
data/raw/metal/metal76.jpg,metal,2,data/raw/metal/metal394.jpg,a5837271a1ad74b66d6bb9ff679491efd25a4edc497ddbc8474f2f1e90ad8237
data/raw/metal/metal77.jpg,metal,2,data/raw/metal/metal77.jpg,f2de4bd92628f714cfa496bb5269b5ac2ec25ed1a45682b1f338c591b84a4e2f
data/raw/metal/metal78.jpg,metal,2,data/raw/metal/metal78.jpg,2e867917ddf0222c4a22a26729372113496b6eeea690d819fd08ea5d0e34c8f8
data/raw/metal/metal8.jpg,metal,2,data/raw/metal/metal8.jpg,27ba278703688aff66f44741d735886bbdbecfdc4d8749daa021004bc91c8cbb
data/raw/metal/metal81.jpg,metal,2,data/raw/metal/metal81.jpg,07d65036157aa88ae26a72341a2f6a2af41af43729bca6f3d88b994e6d66c693
data/raw/metal/metal82.jpg,metal,2,data/raw/metal/metal82.jpg,5f85c330652f7a6693be62f9a04aaa1a14488a78696495e42b2b376ef559de67
data/raw/metal/metal83.jpg,metal,2,data/raw/metal/metal83.jpg,f51eb5b4486ed937312af3e6d46736661acabb1cb03b36352328c8a5748f33e0
data/raw/metal/metal84.jpg,metal,2,data/raw/metal/metal84.jpg,d8b064ff312daf7f8b73c4b32a880226fa78ddb27a7f07d9aa3dd4b7e7fc03cb
data/raw/metal/metal85.jpg,metal,2,data/raw/metal/metal85.jpg,8166cb0d443207d381591d3fdc0777a84c282f0e3eb4e1489dff71e11bd1aa4a
data/raw/metal/metal87.jpg,metal,2,data/raw/metal/metal87.jpg,8dba589d0f805b89f4a63ea6be21705c686b5f72d99faed21f7dd89b173207c0
data/raw/metal/metal89.jpg,metal,2,data/raw/metal/metal89.jpg,dc96c5c0a8450776cc050f6a2833c9a63347aa9d0d87e9fb725f0b01cbeb530a
data/raw/metal/metal90.jpg,metal,2,data/raw/metal/metal90.jpg,d0479555d7dcd71fdda3e7261513819c01c56987b680c74152de143d62cfb400
data/raw/metal/metal92.jpg,metal,2,data/raw/metal/metal92.jpg,34bb6d791f9df9caaa1970204bdb6fd5f27a7739a94bc695d37e21adf26048c0
data/raw/metal/metal94.jpg,metal,2,data/raw/metal/metal94.jpg,02ec8cb34c4e1121098fb1f5b050d94e72bf149165e2679134188001b5b4bc06
data/raw/metal/metal95.jpg,metal,2,data/raw/metal/metal95.jpg,40e84ceaacd80fb905fdea88465d9bc8eadf725531d479aa614b5279f0f3c0df
data/raw/metal/metal96.jpg,metal,2,data/raw/metal/metal96.jpg,aec06e44653c156cf4559b430a06c74ffc65a20f4ce75e38e5c4c737c8390b4e
data/raw/metal/metal97.jpg,metal,2,data/raw/metal/metal97.jpg,0d0b1ce11bfc48bc657944a59ac091295f76850647837293666d1413525bb999
data/raw/metal/metal98.jpg,metal,2,data/raw/metal/metal98.jpg,a4dd81260ccf5dab859602e0a7cbde61503e0eff94f24a358005f4a80bce009f
data/raw/metal/metal99.jpg,metal,2,data/raw/metal/metal99.jpg,6b33e62797187f90563f7f0341f563b4d1dc07a64fa7007fa3a0b1cffb779bb1
data/raw/paper/paper1.jpg,paper,3,data/raw/paper/paper1.jpg,25063c2320fd0fff4dc04317a7627418695c9970618a48073bb79cb3e542859c
data/raw/paper/paper100.jpg,paper,3,data/raw/paper/paper100.jpg,99b2e9cf63612ab39d5664972d6f51457c32eff0e049e9279446031f78fd1bcd
data/raw/paper/paper101.jpg,paper,3,data/raw/paper/paper101.jpg,1915e10d9a06d378d44b26f76b869e79734e45058d5f6551b6d0c88443a22cfe
data/raw/paper/paper102.jpg,paper,3,data/raw/paper/paper102.jpg,cb153343bdc4f1a6673a443d3f4e8ffc82f4cca6b5c6ef3ac144dd057311fe15
data/raw/paper/paper103.jpg,paper,3,data/raw/paper/paper103.jpg,8afd191f79f0d13ea26a83af9f4bd4f94a38abd161c1f2a400c564520daae03c
data/raw/paper/paper104.jpg,paper,3,data/raw/paper/paper104.jpg,68825f8e99c794dafe3e72e0eed1b4c9f29b289672f1216ca23b182be6c0d390
data/raw/paper/paper107.jpg,paper,3,data/raw/paper/paper107.jpg,f4d494f48881eae84dd7c740c9cd4dd5bf9baa2ff84a9d5266c3f1b990229275
data/raw/paper/paper108.jpg,paper,3,data/raw/paper/paper101.jpg,b19db665c34279d49210e88485e501283f84c58ed270003e4ee4fb7b0e7e44ea
data/raw/paper/paper109.jpg,paper,3,data/raw/paper/paper109.jpg,6bab8421617ae409f0563e664f176374989f124cd8459b291d2815d825eac48d
data/raw/paper/paper11.jpg,paper,3,data/raw/paper/paper11.jpg,9610c40fea5131a2b5ab4f7c50d61639b12e2e7a673fd277d3b54a9747720bf6
data/raw/paper/paper110.jpg,paper,3,data/raw/paper/paper110.jpg,85aaff6366c591fd1293f0b1a6a78bdbe010c2f78418bb3269fde864a968153a
data/raw/paper/paper114.jpg,paper,3,data/raw/paper/paper114.jpg,884de574a74b6f1e6ebbee93cb83879d72e656b6a9316a88400f7c6e03d75044
data/raw/paper/paper115.jpg,paper,3,data/raw/paper/paper115.jpg,0c64f8aa4b5edbed72fd5f0683dcd3285df7300b973ae2b5013b4eabedc8f7d0
data/raw/paper/paper116.jpg,paper,3,data/raw/paper/paper116.jpg,031dd1191a2dbacb3366708667ea6ba4fe68d87619ba9366e36d7a68bc8f7e9b
data/raw/paper/paper117.jpg,paper,3,data/raw/paper/paper117.jpg,2127805bc503ef123e6583e403fad22c9aa8c76c2f41d4a6eefbbeaff3cad00b
data/raw/paper/paper118.jpg,paper,3,data/raw/paper/paper118.jpg,5b87770c7eaa97ead3a7d15e11ce333082f234da99b463f595eec5d84c399527
data/raw/paper/paper120.jpg,paper,3,data/raw/paper/paper120.jpg,0eed8d0b7441939e509e4e056569c75e0b316d5f90bcbd76e3dfc68ef7dc329f
data/raw/paper/paper121.jpg,paper,3,data/raw/paper/paper121.jpg,0611db0e706c308fb625bb6c83494421f71d00c224956430cb258017d3fd286e
data/raw/paper/paper123.jpg,paper,3,data/raw/paper/paper123.jpg,f94b31ea4772ed922c079de38433da7070caebc1721c3d0ac4d18e602245ab08
data/raw/paper/paper124.jpg,paper,3,data/raw/paper/paper124.jpg,289b6c98f3bcbda3bdf8cdf6b0570ebde2be0c309a2feeab53d07904bebbe4a1
data/raw/paper/paper125.jpg,paper,3,data/raw/paper/paper125.jpg,e69cd68ad29d54da782c3084294a11ca1c9bcb15a988e11a99f4e0b3cbc34397
data/raw/paper/paper126.jpg,paper,3,data/raw/paper/paper126.jpg,513a357ed2d5431b1ab04809a48346f1bb86bc144fa22dcb3458e429abeb5e8b
data/raw/paper/paper13.jpg,paper,3,data/raw/paper/paper13.jpg,057644efe18833281f00eb77a07ad4024d626d1c6f3bc2130b97868def2e6408
data/raw/paper/paper130.jpg,paper,3,data/raw/paper/paper130.jpg,75773feaa96f67fa6fa6da14b3caef3311dc2786e50c6f69e0fe20e0927dc6de
data/raw/paper/paper131.jpg,paper,3,data/raw/paper/paper131.jpg,b26ba9d2aa251f9ed74d4f9b7bbb37eb2b3ee1c921501c5c279ee50194878916
data/raw/paper/paper132.jpg,paper,3,data/raw/paper/paper132.jpg,940457439d824688cf889c55782469cf05509809e99e515fc42888ba5dac8d89
data/raw/paper/paper133.jpg,paper,3,data/raw/paper/paper133.jpg,bb824ff078d95d25413f1ebdc522ce2e081deb40aec488f4e4e682b86e86e571
data/raw/paper/paper135.jpg,paper,3,data/raw/paper/paper135.jpg,2e51e5375c6ff51842ee556c2d31ed0447c8fe4836b523821dc0eaaa03174d97
data/raw/paper/paper136.jpg,paper,3,data/raw/paper/paper136.jpg,8ed79d770dd19ae7516c711f60008d6fa2df835fa94f3541832d8a2767fbfb12
data/raw/paper/paper138.jpg,paper,3,data/raw/paper/paper138.jpg,d3bc514ef97f8e6848541583ce9017b028bef4758d2626426a51b3401b7858d9
data/raw/paper/paper14.jpg,paper,3,data/raw/paper/paper14.jpg,1d9a4c7dc1e7afc0c8eda2583df39ad606295a00c6a045b336b41bcddd086567
data/raw/paper/paper140.jpg,paper,3,data/raw/paper/paper140.jpg,69e873ea95582ac32e5771cdce1b17aae91c81e652e0239c075110aff0e53c01
data/raw/paper/paper141.jpg,paper,3,data/raw/paper/paper141.jpg,6845842d1a4e9e12b329105ea9c5f477c783c36dfa21937596ccd55b300ef376
data/raw/paper/paper142.jpg,paper,3,data/raw/paper/paper142.jpg,3e3bffeb082bd000d3432c0d0b094ce4c0c37ad0fec976199a53c6d9a41ca400
data/raw/paper/paper146.jpg,paper,3,data/raw/paper/paper146.jpg,68e1468232bcbdaea5e1617d25644f2676177c8577c29af896c2b9fdb417fed8
data/raw/paper/paper147.jpg,paper,3,data/raw/paper/paper147.jpg,9a36ff9b1300515f7b8bb0073553bbc4a2f57cef9fa723bfb152a311b05282c0
data/raw/paper/paper148.jpg,paper,3,data/raw/paper/paper136.jpg,1d57d7983cd65298c13a0aede73a25cbc3578887442cb7218cf64d751fed3319
data/raw/paper/paper149.jpg,paper,3,data/raw/paper/paper149.jpg,0970cd522f3edfd684615e01241735c3e6feb4f81d7088bdc4b174e199819666
data/raw/paper/paper15.jpg,paper,3,data/raw/paper/paper15.jpg,aac615f56e68623e06dede09bb4a555a78f3e57fd0a91c7a290ec04f6d240863
data/raw/paper/paper152.jpg,paper,3,data/raw/paper/paper152.jpg,6db3b5ead069f23015354a65fddd31a5d975363f2541759b7fd63c0dfbf1acfd
data/raw/paper/paper154.jpg,paper,3,data/raw/paper/paper154.jpg,4b701580363466fd85ca3d58f7261945652acb8548307c401e489e6d7a186639
data/raw/paper/paper155.jpg,paper,3,data/raw/paper/paper155.jpg,b4a45bcd452c3d524cda9ee2dd2ea89b065d61fe3eabeede4729eeeb746a97c1
data/raw/paper/paper156.jpg,paper,3,data/raw/paper/paper156.jpg,bd54f5cdf97de0108ebadab779c2d14fb775b2bfdc5b8c28833b4f33eae15b87
data/raw/paper/paper158.jpg,paper,3,data/raw/paper/paper158.jpg,85d26779ad4fbb4d8b146f7ac09e177d36b105f1a4271013ad59d97e1c1ead72
data/raw/paper/paper159.jpg,paper,3,data/raw/paper/paper159.jpg,cdacf1d7696837231fa1c2d2a1806799398f29a54b74664a2d7501d259957de9
data/raw/paper/paper16.jpg,paper,3,data/raw/paper/paper16.jpg,f29758f23e34972ace659d0a1538f270d55cd40c18876461e2ab8742ac80639c
data/raw/paper/paper160.jpg,paper,3,data/raw/paper/paper160.jpg,0490e06c49cc09e801b5a3b988c0e4cae3a277e0c0dcf1532dd2481ec12f541c
data/raw/paper/paper161.jpg,paper,3,data/raw/paper/paper161.jpg,5fca1e7f18a50fe1b64f80939d9163d7f886b90e8c4943b4cc93a15b897af8d4
data/raw/paper/paper162.jpg,paper,3,data/raw/paper/paper162.jpg,17fa7521b3f1a57768196f7e3643c6cda93a87a40cec20048c4bb324420a090a
data/raw/paper/paper163.jpg,paper,3,data/raw/paper/paper163.jpg,547d4fee70b9de851a05cacd0fee5f1a0da83ebaf123ccd3a43365ee6bacdb3c
data/raw/paper/paper165.jpg,paper,3,data/raw/paper/paper165.jpg,86f7de44fce23c740e02b4d8c8028e682acaf1e4496d99eab51bac58ddbce809
data/raw/paper/paper167.jpg,paper,3,data/raw/paper/paper167.jpg,b2892e9d84b2d5a721a98afc2276a839c4dfd414a721d2da004032e2023faf4b
data/raw/paper/paper17.jpg,paper,3,data/raw/paper/paper17.jpg,9199dfbfabac264bfd326826faf2fdae8c7128fd854465e4e539d7f8536ceb9e
data/raw/paper/paper170.jpg,paper,3,data/raw/paper/paper170.jpg,e63f334f8f268dd4695c7842342ea1add475ff12b59f41179085834c5f0e6171
data/raw/paper/paper171.jpg,paper,3,data/raw/paper/paper171.jpg,6df55d6b601c134c742216e7f41c995b9a10af6e44026b6abe972302e1cfa253
data/raw/paper/paper174.jpg,paper,3,data/raw/paper/paper174.jpg,5075d4fbacc8db3e73922ba94c7f63e6a6cda109bfd3eb2041980891c84f0f3a
data/raw/paper/paper175.jpg,paper,3,data/raw/paper/paper175.jpg,f051d89e030cf2787b459a1586cc04d6ca226512899e41645916ff77ab6a68a6
data/raw/paper/paper176.jpg,paper,3,data/raw/paper/paper176.jpg,7f157f485edbf1be1a757ba1f22cfb5cfa0b4613efd2bdc9576578161379c10c
data/raw/paper/paper177.jpg,paper,3,data/raw/paper/paper177.jpg,fbcddcd9bf74f740cd092efe455a01919ed0bc4ddc42792149d74d482ab0e918
data/raw/paper/paper178.jpg,paper,3,data/raw/paper/paper178.jpg,f31f9d54feea5fb92a669b87655f52f5575c0b4d4a6eb471e66bd7ac3c220cd8
data/raw/paper/paper179.jpg,paper,3,data/raw/paper/paper179.jpg,5e5c91dd06fbc6404711f45064fc0d264d423993786ac3196e166e90baf4cdc9
data/raw/paper/paper18.jpg,paper,3,data/raw/paper/paper18.jpg,92024c5e902fb012f4d98d522ab7670494fafe78a3feec0d84d03413e626e259
data/raw/paper/paper180.jpg,paper,3,data/raw/paper/paper180.jpg,b4de69dc4cf31f6874d209614426fc8c1601cbf497f9809500cebc607271cfff
data/raw/paper/paper182.jpg,paper,3,data/raw/paper/paper182.jpg,120c752ed14a6666ade37725af9e32fb854dfe96f692f007bb8df43edbaf1b85
data/raw/paper/paper183.jpg,paper,3,data/raw/paper/paper183.jpg,0154670a99ea33a7df713e3c1d46b3ddbaae489fe243844947b242e395041fe8
data/raw/paper/paper184.jpg,paper,3,data/raw/paper/paper184.jpg,e213dba504b8b21612184627034e934c01a7878c14dd964dc247ac1856e4ffec
data/raw/paper/paper185.jpg,paper,3,data/raw/paper/paper185.jpg,ec171f0df010d4a74f2e0caa59f24cabc06f9aa307d8d9d2ca27d64ad48b1c7b
data/raw/paper/paper186.jpg,paper,3,data/raw/paper/paper186.jpg,8474feb827c0e0e31c261bcb535898b1b22546039ecb54daeabe6cdbef723f8b
data/raw/paper/paper187.jpg,paper,3,data/raw/paper/paper187.jpg,ab55e286ea628b5c911dd454fd37b0e64222900e7e27df41417f378d3c62299f
data/raw/paper/paper188.jpg,paper,3,data/raw/paper/paper188.jpg,d5801a74fef2861c4b3dc48a909e6b391760bc7ce671a5fd83b043bfd9afd744
data/raw/paper/paper189.jpg,paper,3,data/raw/paper/paper189.jpg,d93f7c96ae0c7af515d9c684b47fb7edae53cb35c72ffa26ca214fc87e990dd4
data/raw/paper/paper19.jpg,paper,3,data/raw/paper/paper19.jpg,f08a2a02219f73479c7fd0f2ac59b68a5ea57ab75e1a999ddff5fc00c6cad706
data/raw/paper/paper191.jpg,paper,3,data/raw/paper/paper191.jpg,ce7b18a78bc9aa266bb4af742901b0f6b7e2bfc4a7e772d00107e043f43e6af2
data/raw/paper/paper193.jpg,paper,3,data/raw/paper/paper193.jpg,de722dafd4f2daf45f77845c9943ebe20e9930a6a42bd894966d8b6fc09e9db8
data/raw/paper/paper194.jpg,paper,3,data/raw/paper/paper194.jpg,1a8485d649565f9c85da488ff12a528f307acdebcdc2632d9d4617ee4835ba7d
data/raw/paper/paper195.jpg,paper,3,data/raw/paper/paper195.jpg,b02455643fd5c498f1e8502bf3772bebd72eb4df2a98ca3c77ba0d36a3df1fab
data/raw/paper/paper196.jpg,paper,3,data/raw/paper/paper196.jpg,cd4a5cf9743d622d24635dd4409d906ee50d52679c2aa4c3615d5b93ecd07df3
data/raw/paper/paper197.jpg,paper,3,data/raw/paper/paper197.jpg,e99597bdbd5e42ea4dd8d063230926cc0aee1d4e48593e841eaab8aec7a10132
data/raw/paper/paper198.jpg,paper,3,data/raw/paper/paper198.jpg,ac28c3d7ef747cb7f08388de9a74ca711f53b2cf7d2ba9348e7775a16734bdb3
data/raw/paper/paper199.jpg,paper,3,data/raw/paper/paper199.jpg,ac0ebc670aa84fce46d894b448bd0e09e0245ca227630ffc32690c99f5f6841d
data/raw/paper/paper2.jpg,paper,3,data/raw/paper/paper2.jpg,5c246fd3fec667ee5c9ca8c7f50b86a78264674752d066d525642afb22bbeb5e
data/raw/paper/paper200.jpg,paper,3,data/raw/paper/paper200.jpg,2775c77ee5bc11bd6fe0a164eecea0ab9e58ac62af1cbab3cd94f56f4e7a1b03
data/raw/paper/paper201.jpg,paper,3,data/raw/paper/paper201.jpg,14b7f37bbbf8db4370e18c90ac0f57bda7d7d31e263fe086353bbae93836c499
data/raw/paper/paper204.jpg,paper,3,data/raw/paper/paper204.jpg,7d19f0d696ecbfb6e53877c9d0fe4e84405fb22a05bdf72bbf2db286533d4282
data/raw/paper/paper206.jpg,paper,3,data/raw/paper/paper206.jpg,5cc1ac3381cb6c419d9d4f7af9502334712dc6ff5514d4d76aa5a04289167282
data/raw/paper/paper209.jpg,paper,3,data/raw/paper/paper209.jpg,43dbb538bc61809e953ab1886bfeeae68a76ab2acfe6d1d01bf76768a0d334e2
data/raw/paper/paper210.jpg,paper,3,data/raw/paper/paper210.jpg,ed89314fe3902a917ca66fe0188bf80b7056394527b435679e727f51c79cafd1
data/raw/paper/paper211.jpg,paper,3,data/raw/paper/paper211.jpg,a594f043637e0224639690b483b8201d2c4e62b664d69a441690fa90c1588642
data/raw/paper/paper212.jpg,paper,3,data/raw/paper/paper212.jpg,bb5a06e8ba6e8643563ff9cce292ce0b957bc5a7fec50629439e062fafc99193
data/raw/paper/paper215.jpg,paper,3,data/raw/paper/paper215.jpg,94ba3358c23a90b1cb1938887814d6c417a0a65414328e7766fc9ca2bf3e86c5
data/raw/paper/paper216.jpg,paper,3,data/raw/paper/paper216.jpg,f41596f2745a00199ab19edaf7bacd510030394f7f34f54878559d73c59f3ee2
data/raw/paper/paper217.jpg,paper,3,data/raw/paper/paper217.jpg,6aaeb6a4d2cde578780778e601db7672976b48e31ba0de80fc927ca20ab5184d
data/raw/paper/paper219.jpg,paper,3,data/raw/paper/paper219.jpg,0097b8f965f69b557da82846482508e27a2b7c12f56bd3bdaaa43f69ee5c22fb
data/raw/paper/paper22.jpg,paper,3,data/raw/paper/paper22.jpg,d54aaa167187bf43c3d5ff8cd082d2ef7766089bb5fb35755fd5cd959ca89a1a
data/raw/paper/paper220.jpg,paper,3,data/raw/paper/paper220.jpg,4a270d6f2722cf14405c49a1747ed23e81c9104119836c49de66c62b65773504
data/raw/paper/paper221.jpg,paper,3,data/raw/paper/paper221.jpg,ab9bddabf300d8da615bb2d652ef81c4cf198102db42a47d66b09a3d0ddd6561
data/raw/paper/paper224.jpg,paper,3,data/raw/paper/paper224.jpg,a6fa00996e9716a707d8d2fcf7479706b0b23d76a095b9d55f7679d01cb39c3b
data/raw/paper/paper228.jpg,paper,3,data/raw/paper/paper228.jpg,47f1f7a13f9b323aad2ef7f11c2833d30e46a1ea40d51eedda64a91bd5c94201
data/raw/paper/paper230.jpg,paper,3,data/raw/paper/paper230.jpg,ed0dc6d84e854474029cbbff340c1e01f05f4de2880748a13b27465d2f5e5ecb
data/raw/paper/paper231.jpg,paper,3,data/raw/paper/paper231.jpg,8f7c78a2b3b24d2c20998f41ab7454011829fcc96970bf5aae106c7d66538d3a
data/raw/paper/paper232.jpg,paper,3,data/raw/paper/paper232.jpg,c678f16f9c4b2e1bb91129b79d9818b46f82cd812cc83e91636798736d1e7ab7
data/raw/paper/paper234.jpg,paper,3,data/raw/paper/paper234.jpg,bf02296c63a503e58af7017f567fa6d49e9575a707baef0c306d02eb32723b40
data/raw/paper/paper235.jpg,paper,3,data/raw/paper/paper235.jpg,c569882d580fc182cbfd7b28104899cb71c2536b5d79d2c163a2271b6b8519c5
data/raw/paper/paper237.jpg,paper,3,data/raw/paper/paper237.jpg,6fbcc512074383d701ee0d046a7e2e93e29c29ff70e7da069c375e65844d1111
data/raw/paper/paper238.jpg,paper,3,data/raw/paper/paper238.jpg,a2089aadf06bc94fab7eac9ba166ad423eedd3a5e7fc2f5a337e5082eda9c6bf
data/raw/paper/paper239.jpg,paper,3,data/raw/paper/paper239.jpg,1cd940e2f515d0ad6e37fdd86cac3fe27605f7b1ef4b5157aec2fa38f1d6ef41
data/raw/paper/paper240.jpg,paper,3,data/raw/paper/paper240.jpg,f76432486a955c1b7cc87e2eb2cb93c50e099b6edcd88ec50d74710958f18ccf
data/raw/paper/paper241.jpg,paper,3,data/raw/paper/paper241.jpg,8939c24c9c7ac7297166bb8e151108df099893d1a5c479b906665d45a7292f51
data/raw/paper/paper242.jpg,paper,3,data/raw/paper/paper242.jpg,39744979d229b80403d359a89c10506d9fbed857b370a5705c4688694d156a0c
data/raw/paper/paper243.jpg,paper,3,data/raw/paper/paper243.jpg,010398aaaa4a7510fe1437862435d88013bce4f386a2f891ca3cb8180ebdd50c
data/raw/paper/paper245.jpg,paper,3,data/raw/paper/paper245.jpg,1ab95b775216e6cd863740cc9da770d680904f698f054bd22f625ae9ad84b83b
data/raw/paper/paper246.jpg,paper,3,data/raw/paper/paper246.jpg,6bd5a5ce18fa7899712edc9303e7995ff2163c4e9bda9f1570fa398856f70b2d
data/raw/paper/paper247.jpg,paper,3,data/raw/paper/paper247.jpg,5ecdc4745f35be7f4f3be4ab7af337b25b198985ac802ad8e7f0d3f79e8f95c4
data/raw/paper/paper248.jpg,paper,3,data/raw/paper/paper248.jpg,04290269968b9c9713d5c0fa1fb026529d365c90a2cf268089b048b8262470e6
data/raw/paper/paper251.jpg,paper,3,data/raw/paper/paper251.jpg,f63066df4c1c919ea2b7027ff130aced21f7bfc6df06046b4402b3b65154f6d7
data/raw/paper/paper253.jpg,paper,3,data/raw/paper/paper253.jpg,35110d355588aff72ce48cd838f1993a63b2f84c93f07724655b3a887b17cf50
data/raw/paper/paper254.jpg,paper,3,data/raw/paper/paper254.jpg,70e314c239a2c9da73b825e1e9e42b84ab8ceeeeb35f8810a7acd96e37129edb
data/raw/paper/paper255.jpg,paper,3,data/raw/paper/paper255.jpg,bcfed6be1fa2122852ed8e45a21cecbf62a7cd3be3c174de5816b92a181cf4f7
data/raw/paper/paper256.jpg,paper,3,data/raw/paper/paper256.jpg,7033c6864102c25d3f4a68a330351f245ecd7bbc785d59e5b6829081eb1b62aa
data/raw/paper/paper257.jpg,paper,3,data/raw/paper/paper257.jpg,a665df39b1e0ce2e3526531e26f9967a91ef4d98eff7058b8947b2c45d106b8d
data/raw/paper/paper258.jpg,paper,3,data/raw/paper/paper258.jpg,d5089d5391b1c8c5223c84d74f3cd937c89f32967ff3086f8db6e80180144502
data/raw/paper/paper259.jpg,paper,3,data/raw/paper/paper259.jpg,15408d98468edb4da70e9c4710f5a70d2ffa57d1e04a8fd98cb2d0f879213585
data/raw/paper/paper26.jpg,paper,3,data/raw/paper/paper26.jpg,e66bc5e7650e12d64bebabd46ec5e1c814e312c677f72d3556c06e2aa66febc8
data/raw/paper/paper260.jpg,paper,3,data/raw/paper/paper260.jpg,185094a156a4f7e66bf42e8901621859727d5835eedf36102c2ca4a4419c9b9a
data/raw/paper/paper261.jpg,paper,3,data/raw/paper/paper261.jpg,fffeb7a6d2d37225aee38ba0943b14b052529f3c4113c651913731b8eb80d52e
data/raw/paper/paper262.jpg,paper,3,data/raw/paper/paper262.jpg,9298d575be19f5359a2dededcd924bcc6dcf3dd5dbbf155b44a04d4e2b2e3fe4
data/raw/paper/paper265.jpg,paper,3,data/raw/paper/paper265.jpg,35facfc8651ad7df30cb2e5c8af7cff56612bc9e241d06790eb9eb68ea7e944f
data/raw/paper/paper267.jpg,paper,3,data/raw/paper/paper267.jpg,c39b71366e6a436ee2e3f25356e699e81e811295cf2f081a0faa87646bcfabff
data/raw/paper/paper269.jpg,paper,3,data/raw/paper/paper269.jpg,d2bc44636b344f57a36a41d2c167c85dde8186ab8e1671a78f67fe4427efdd96
data/raw/paper/paper27.jpg,paper,3,data/raw/paper/paper27.jpg,0877a4c8265392dbf72773bab97107db33249a7add9b12df7d3568f51d8eca4a
data/raw/paper/paper274.jpg,paper,3,data/raw/paper/paper274.jpg,31c828e47426bc14e44ea6c75457d880e32ec9f59d85c79565ef1f7fba7bd184
data/raw/paper/paper275.jpg,paper,3,data/raw/paper/paper275.jpg,3f7ed65f05f1715380f8587b6866e130240666e7cd130a1fe47ce1b59428faa4
data/raw/paper/paper278.jpg,paper,3,data/raw/paper/paper278.jpg,fdc84b251b53941070fca55f2a1d9344f3b84687f08fdcaf8b6262d1210740f7
data/raw/paper/paper279.jpg,paper,3,data/raw/paper/paper279.jpg,36335b010a2b78c5d5ad34f2e8ad5e410ac61d836ec86eae8437c15bd0a002c1
data/raw/paper/paper28.jpg,paper,3,data/raw/paper/paper28.jpg,e0c2df1387e956c5432111e7422c8f1b672219619925b32f742e8604ed9ab033
data/raw/paper/paper280.jpg,paper,3,data/raw/paper/paper280.jpg,45f205eb9498434c6a82f8deb9a4ec3a8650783062f4370e5936d021e6987b89
data/raw/paper/paper281.jpg,paper,3,data/raw/paper/paper281.jpg,204aec08ea3e72d57d09f1f25b692c23ca2be48268914d5aa8dc5264ccd0c54d
data/raw/paper/paper282.jpg,paper,3,data/raw/paper/paper282.jpg,25162460e1c82fbc04724477c03da515d8f138719fbdb6efe42bf6a73e95d396
data/raw/paper/paper283.jpg,paper,3,data/raw/paper/paper283.jpg,cc0b219c5a7c300b9802a9c81ee8180621d3c667540de93dbcf9e04d00787ec1
data/raw/paper/paper284.jpg,paper,3,data/raw/paper/paper180.jpg,08d8d85108c138824c66df05dce02dde50342d846881f4de81f4a64c8acd3391
data/raw/paper/paper285.jpg,paper,3,data/raw/paper/paper285.jpg,0de99ccf58fd88570e851dcef50c2599a84b63890fe66c40506e429dcc73781f
data/raw/paper/paper288.jpg,paper,3,data/raw/paper/paper288.jpg,a0428f646ccc0fc0a6d28482a116c670220944065a5972032e57174e6e8e0afd
data/raw/paper/paper289.jpg,paper,3,data/raw/paper/paper289.jpg,7ae78b5a06265194f67c6be02e1d7ff0349548aa362c50c8ac96c278f11f5fb3
data/raw/paper/paper29.jpg,paper,3,data/raw/paper/paper29.jpg,f9967fecfa2ac3d694a8a4af77cd10268dfbb43faddeb21a180336a636ab81a7
data/raw/paper/paper290.jpg,paper,3,data/raw/paper/paper290.jpg,7f90584427c4c9a2fe2fd7ef285d99c2836de4a04736a77de05b8d51c3c63aed
data/raw/paper/paper293.jpg,paper,3,data/raw/paper/paper293.jpg,f85fc8d39e89fa9dca2811da9d8cee582fb22c5692490598f0c244cd406c4ada
data/raw/paper/paper294.jpg,paper,3,data/raw/paper/paper294.jpg,4124289a0d756472e2fb36c2b4eccc1614d68b1b6b1695147a5afde8fdb2a5b0
data/raw/paper/paper297.jpg,paper,3,data/raw/paper/paper297.jpg,c65383159582c82aa5a73ab4a0a6a3ea48cc2ca0235cc3478c5d321c2d4194d7
data/raw/paper/paper299.jpg,paper,3,data/raw/paper/paper299.jpg,805325e683b5b94a070bad3d6d1ce98c8038993a557b39f3ae0f10ecbaf0bdf1
data/raw/paper/paper30.jpg,paper,3,data/raw/paper/paper30.jpg,1b2e07a5f186e185e8961da0478ec0bc0c88ac6161d0cfaa3c53dcf45b57479e
data/raw/paper/paper302.jpg,paper,3,data/raw/paper/paper302.jpg,1a379d0f692cb10da9c67fae20088f9ec24c5225286d3eac1bdc81826609120b
data/raw/paper/paper303.jpg,paper,3,data/raw/paper/paper303.jpg,f8d3ab2eb84000f3e6fb595ae0fe2ea1be6364437e583d81d9adceda834f398a
data/raw/paper/paper304.jpg,paper,3,data/raw/paper/paper304.jpg,953e192ee58b10e3a695e1177c54874412835745b9dcbd14e1bf985adf427803
data/raw/paper/paper305.jpg,paper,3,data/raw/paper/paper305.jpg,1708ae1e698d0accfc0f698a3859a0ea4ff6bbc0efa27db32c919eab93017177
data/raw/paper/paper307.jpg,paper,3,data/raw/paper/paper307.jpg,b4748ebd7addc4a9f05df348572f3b1fc8a39d9cea94edf0250b883de9d53640
data/raw/paper/paper308.jpg,paper,3,data/raw/paper/paper305.jpg,68029adb26f1b9c15345104db45ef4d0757f586d5d5e6a1632d2d912b4c0d709
data/raw/paper/paper309.jpg,paper,3,data/raw/paper/paper309.jpg,a0901ed3c87d98ff008cea7838bb9e3b04a8eee228ac3789a5dc460a78451668
data/raw/paper/paper31.jpg,paper,3,data/raw/paper/paper31.jpg,9cb0f0a8b09d20626752b88d2f1d30e13ff4012b2052639b07350d04f28d023c
data/raw/paper/paper310.jpg,paper,3,data/raw/paper/paper310.jpg,59604b5d9853af847aa620101fe9ea5e89818e581e6fd454a04dab67bc39b4d7
data/raw/paper/paper311.jpg,paper,3,data/raw/paper/paper311.jpg,e2579b837bd6b550f3a2dbad88977751795167a35b7b88abef6bf470e8f0d1dc
data/raw/paper/paper312.jpg,paper,3,data/raw/paper/paper312.jpg,0c31ace71078d7fd3f7b527b20e8785e8eee71089956ef01deda3849119cfe2f
data/raw/paper/paper314.jpg,paper,3,data/raw/paper/paper314.jpg,50159a96a425c7a70f3c81b1b1f8af5ed55ca967fab1774b487be5a28d1f12ef
data/raw/paper/paper315.jpg,paper,3,data/raw/paper/paper315.jpg,46b051fc891308459fb97b93876386743eb143cde82fe90ae679e3dda550ff44
data/raw/paper/paper316.jpg,paper,3,data/raw/paper/paper316.jpg,84394af3da0036e7514be37e2b90f78860e1835bfd4beef8ea2f797dabc7dec7
data/raw/paper/paper317.jpg,paper,3,data/raw/paper/paper317.jpg,8ba7484ab655c91f2a6786c03ffdc7b9f0c1a10c343ec2355a92f355a42ad251
data/raw/paper/paper319.jpg,paper,3,data/raw/paper/paper319.jpg,f5ba9e9b9dc32963287e06e70efe72fb458f0b00424c434a8d644038b980dde7
data/raw/paper/paper322.jpg,paper,3,data/raw/paper/paper322.jpg,2957de05a0ebc4770b9dd721f852e600073330914fa756728629a308d15b9f2c
data/raw/paper/paper323.jpg,paper,3,data/raw/paper/paper323.jpg,4e0641741fd4821074bc75a6d608bdc138712795eb80b585a359f61e8afaf5e8
data/raw/paper/paper324.jpg,paper,3,data/raw/paper/paper324.jpg,a1bfda9fb1a15786e5446dbbb59f669d996f96a881fb29ceaf811928b0cd724d
data/raw/paper/paper325.jpg,paper,3,data/raw/paper/paper325.jpg,29427083290aacb32621496450610f915e0eee1fa2b492557075e082fb963eeb
data/raw/paper/paper326.jpg,paper,3,data/raw/paper/paper326.jpg,e3a83780cdb3df0140055114e6ecf7d88c0d2f426367640492cf202b344cc4da
data/raw/paper/paper328.jpg,paper,3,data/raw/paper/paper328.jpg,4c107a2d40d21bf4a3140045eb11b20ced98a7bdb49ce9cd0e0881988686ea17
data/raw/paper/paper329.jpg,paper,3,data/raw/paper/paper329.jpg,df5f3af4ce3bd5053090ef8ee26f5ebc86750f80c6d9a7bb62dbb5aa7bc981ba
data/raw/paper/paper33.jpg,paper,3,data/raw/paper/paper33.jpg,75c318c61c1485cd0fdc118ad4d7d5acaba5e1fbde5f2424599e91984d1259da
data/raw/paper/paper330.jpg,paper,3,data/raw/paper/paper330.jpg,e588a3746fec659b2a5a3e4d9e4a4a7b9d052dcc302ec83fba701df1229a9271
data/raw/paper/paper331.jpg,paper,3,data/raw/paper/paper331.jpg,b3941029581e0d870c0611ac7cb7d59582d6e7f8c0405730ce392f953a173b66
data/raw/paper/paper332.jpg,paper,3,data/raw/paper/paper332.jpg,e7376bd5c514b30aaa1a20c30a90ad6869c68db9877a9627c40480fb61af0d50
data/raw/paper/paper333.jpg,paper,3,data/raw/paper/paper333.jpg,dfeb4fdcdd947b93d4fe0dde400f131c6d1e0b53d4fc95777f925c3d421d2499
data/raw/paper/paper337.jpg,paper,3,data/raw/paper/paper337.jpg,9987b83d3f0ca6d8bf0ada4d64d1d648f05311d4506151d3adde4f86cee68dd9
data/raw/paper/paper338.jpg,paper,3,data/raw/paper/paper338.jpg,30e1b52627648dd1befa6133789e732a2fa77ca53ca802b112af4053972397fb
data/raw/paper/paper339.jpg,paper,3,data/raw/paper/paper339.jpg,c86bef27dc80afbdf746326f72c74bc5c8b7d3d2590f372d2717f85d2d83b81a
data/raw/paper/paper34.jpg,paper,3,data/raw/paper/paper34.jpg,615fe6981d40160c846e2a35f30cfe7d4f499e1a39c065a449ab92b8c1afa21d
data/raw/paper/paper340.jpg,paper,3,data/raw/paper/paper340.jpg,b884b537d0f75a85ba5115850a2170955e5ed08229a23430a1df2edc0793f172
data/raw/paper/paper341.jpg,paper,3,data/raw/paper/paper341.jpg,84cf838bb39699b0ddf461657b8e0bc469d2a82ca923882a22edaf9ffe058b3c
data/raw/paper/paper342.jpg,paper,3,data/raw/paper/paper342.jpg,ef74b72870a2c6e5dcfef77bb842eebdddfddc73480d8993fa6bf5ed002a8843
data/raw/paper/paper343.jpg,paper,3,data/raw/paper/paper343.jpg,6c716828b1c48d294ccdf484f4b8aaa197078efa5c918e60f05f760d4757b3af
data/raw/paper/paper345.jpg,paper,3,data/raw/paper/paper345.jpg,57074b8025a164f6a00b5d708abe4fb4309318872cd946ce0fd39ed1b4235caf
data/raw/paper/paper346.jpg,paper,3,data/raw/paper/paper346.jpg,716014709461961df48d4fb1f89e93889a975e47f4e42e05c6f596d135d0a34c
data/raw/paper/paper348.jpg,paper,3,data/raw/paper/paper348.jpg,cda964ec5e30e1577faf8aebb96410949f224b90f44dc96a09d42f3341edac42
data/raw/paper/paper349.jpg,paper,3,data/raw/paper/paper246.jpg,adca32db9071efb83f74dc67072f3177ffcf098ddc8785c6ccb37ae226ceb287
data/raw/paper/paper35.jpg,paper,3,data/raw/paper/paper35.jpg,78992143e1a96f32070e8cce67d11216b57cdbfe9fcb9bef2599428726607fc0
data/raw/paper/paper350.jpg,paper,3,data/raw/paper/paper350.jpg,ef6b15402023445819e52326f1cce2a9d7524d132ad61431619f9a19715ea2bc
data/raw/paper/paper351.jpg,paper,3,data/raw/paper/paper351.jpg,99630d53913d646b55b1b1f227789b1ff166d337df1cf12aa87ec70cb0b12ffd
data/raw/paper/paper353.jpg,paper,3,data/raw/paper/paper353.jpg,23db8d661b2814c349d03707bf918afe1a19f419397b0b10e6581984e9175bdc
data/raw/paper/paper354.jpg,paper,3,data/raw/paper/paper354.jpg,060686c8212b009e41d21712e8d132d4e5a0a0eacf07bee5d81095c63f384164
data/raw/paper/paper355.jpg,paper,3,data/raw/paper/paper355.jpg,16a3d7a5b78f08397ba1ba7e9c611b37412d103a43ab4b6804b0718c69b7b5cb
data/raw/paper/paper357.jpg,paper,3,data/raw/paper/paper357.jpg,7deca712ee1eb68294f1558bec2bc1d34c96d079686d8bb35783e88e2cd3d583
data/raw/paper/paper358.jpg,paper,3,data/raw/paper/paper358.jpg,8da85fb451b03b9baceb31a430b1ded5309af208d50cd7e0aff57b6d49330896
data/raw/paper/paper359.jpg,paper,3,data/raw/paper/paper359.jpg,9c732e082cfbaaf64cbe6d7bce0e3c7925b77d4db841cb07c9c4f1575fb430db
data/raw/paper/paper360.jpg,paper,3,data/raw/paper/paper360.jpg,c3ccc0942a44b9bfc38f6b1e9c3bbe2610f09b48df1c3048ee674e30dc6686ab
data/raw/paper/paper363.jpg,paper,3,data/raw/paper/paper363.jpg,aab642022b02980535cf7d9688324b1458f4f5e14e3f70cad1e2b276788fa186
data/raw/paper/paper366.jpg,paper,3,data/raw/paper/paper366.jpg,ea850c4b381a54d360db35fb5ad3bb002e3dffa2db7fe516f03c65d2a77e7121
data/raw/paper/paper367.jpg,paper,3,data/raw/paper/paper367.jpg,bda46f84cccf7394f321f2838152afca18d6c60b5cef25a03bd20dd3168263e5
data/raw/paper/paper369.jpg,paper,3,data/raw/paper/paper369.jpg,a6b659138d8904930078cbcf24bf0793e5778b58614238b823a764b05f199e0f
data/raw/paper/paper370.jpg,paper,3,data/raw/paper/paper370.jpg,df9d803e2cfc2f74eb2d5dc579f898562e31158744cf68e4e9f4f53c6b3ccf1d
data/raw/paper/paper371.jpg,paper,3,data/raw/paper/paper371.jpg,921ddd2bb02e7200f0e3260b8a3e639246335b997283dc3790c306a1715a1cb5
data/raw/paper/paper372.jpg,paper,3,data/raw/paper/paper372.jpg,53556859388321d238be04d22ee85639060a8426aac9e5bca2721aedf5bf722a
data/raw/paper/paper374.jpg,paper,3,data/raw/paper/paper374.jpg,45d7ecea2e79f7f7b57157775087ce63c4246815ea6e5b0b9f1678ae5191cc46
data/raw/paper/paper375.jpg,paper,3,data/raw/paper/paper375.jpg,d5b57b5ebb185828d39e7fcbb374c6281861aceff9dadb592d6f6ec3d770382d
data/raw/paper/paper376.jpg,paper,3,data/raw/paper/paper376.jpg,9b3712221fce93d0c76e53c277a93b49036a9e61566a1f023ba5148cc0cee970
data/raw/paper/paper378.jpg,paper,3,data/raw/paper/paper378.jpg,b72cfadd1bfa0cde78043dd73d0f17ff84cb48962dd5545542fb3b0c6b052264
data/raw/paper/paper38.jpg,paper,3,data/raw/paper/paper38.jpg,56b0fcd0b4e95542eea46247694fd7ea32d4ad863dc0cc4d4c4e588ffe49db59
data/raw/paper/paper380.jpg,paper,3,data/raw/paper/paper380.jpg,a5dd71b4a11fb595b8e5e6e660d5efea4a8ab792365147305b1e9ad0445ddfd6
data/raw/paper/paper381.jpg,paper,3,data/raw/paper/paper381.jpg,35415039975290f0c7d36c93f5fc684c147e8632e93e9abddacb2cff35f0aad9
data/raw/paper/paper383.jpg,paper,3,data/raw/paper/paper383.jpg,a1902e606b1818142c42c697547a9b3aa353ea0ee46ea01aa9e91ddf628e9d45
data/raw/paper/paper385.jpg,paper,3,data/raw/paper/paper385.jpg,b5156dee24cf3c9401b7b45bf9f523145d8b30ac5dc9cf688ca5dd2360bc9c31
data/raw/paper/paper386.jpg,paper,3,data/raw/paper/paper386.jpg,5a4eb22235a4eeed0170455067d4ce246adfac26a87679053bfc58f5f598e414
data/raw/paper/paper387.jpg,paper,3,data/raw/paper/paper387.jpg,ffa7acc8e93dc44ef4965ece108bbe8639bad46dfc4089ec905e931582f9b93f
data/raw/paper/paper388.jpg,paper,3,data/raw/paper/paper388.jpg,fdb9c001240014bb2b8ac5619e370bf0ff6334a7f7ea0305ad84c40c4ef406f4
data/raw/paper/paper389.jpg,paper,3,data/raw/paper/paper389.jpg,b09477db1fff5f30de4df1e23e2d951a850ebbfd6353bf14b6e20be2b96ee106
data/raw/paper/paper39.jpg,paper,3,data/raw/paper/paper39.jpg,58cd504fc7f8c4ef04deafb22e29cb507e9a04d7eabb5e3091a3626a1f14600e
data/raw/paper/paper390.jpg,paper,3,data/raw/paper/paper185.jpg,dd00e15032cd6170cabab90835752a890c665c8be1b4595629adbba4c35ed38e
data/raw/paper/paper391.jpg,paper,3,data/raw/paper/paper391.jpg,2109a41137370708c08412fa7c49492b52b57f90b1302f013b80e2a5d79c20c1
data/raw/paper/paper392.jpg,paper,3,data/raw/paper/paper152.jpg,92dfebef7df018d745ce136ac4160c4e64763ab19df66066a5c4322c44951467
data/raw/paper/paper394.jpg,paper,3,data/raw/paper/paper394.jpg,4393828d8f152f58a4e753b66a60a9207b1e0dc5cc151932625b58c3b76ad578
data/raw/paper/paper395.jpg,paper,3,data/raw/paper/paper395.jpg,cfa21de8e6076f3fe36fbb4adc3d70af54c4a6a25b4d9152881aae08e31c0bf3
data/raw/paper/paper396.jpg,paper,3,data/raw/paper/paper396.jpg,a570dce45bcc0a5fd458c816ba2e86d23ca96db1dee28dbb93529fe86fe3c95d
data/raw/paper/paper397.jpg,paper,3,data/raw/paper/paper397.jpg,7fdb4554d77ec39d4585018167349eb455e9a5358b4000afd7b3817b356b7071
data/raw/paper/paper398.jpg,paper,3,data/raw/paper/paper398.jpg,a244d24c0985d2cdcfde901d92279433871c00a9c6748efad3548106b1c94d24
data/raw/paper/paper399.jpg,paper,3,data/raw/paper/paper399.jpg,6c15c94952ed7b3d68d37ac959b7eb79af921100649f312d6779f78c131b4600
data/raw/paper/paper4.jpg,paper,3,data/raw/paper/paper4.jpg,11b00c996d8dbb01f72f7463d4a9f3bc1b0f73398480cf9145d9faf6ed7dee25
data/raw/paper/paper40.jpg,paper,3,data/raw/paper/paper40.jpg,4370dd35ca450cbd3185bc1aaa255fd339c44005e04956c1ffab801e5b5edea6
data/raw/paper/paper400.jpg,paper,3,data/raw/paper/paper400.jpg,9ea0f96f09095465b74d7da993c75241375ed5ec578acdbb05655dc4c1cb6337
data/raw/paper/paper401.jpg,paper,3,data/raw/paper/paper401.jpg,87726b7e105dd96147e3ab39ef80d972effbfeee83b6f5c1b18e01faffd0338e
data/raw/paper/paper402.jpg,paper,3,data/raw/paper/paper402.jpg,780778c2a59f32b3aa494988b04b726380a46461686e1e583f20691849ef3c9c
data/raw/paper/paper403.jpg,paper,3,data/raw/paper/paper403.jpg,91e6532f252b8d858aa86a96f92783e599d94cae276a249794a045622803e11e
data/raw/paper/paper404.jpg,paper,3,data/raw/paper/paper404.jpg,6e6fd8cd7880cdfcffc336ed529826a32782aadc6b519f1e100ef03565d5c517
data/raw/paper/paper405.jpg,paper,3,data/raw/paper/paper405.jpg,14b420ee53548bf7cf8b43990916202a6e125df8de67d33d55fe4c2e230a946a
data/raw/paper/paper406.jpg,paper,3,data/raw/paper/paper406.jpg,7ce10404d28098b8eab607fbf26f05d71a602ed9691f67a112ab07e86f111b8c
data/raw/paper/paper408.jpg,paper,3,data/raw/paper/paper265.jpg,92ab66cb5bd68b2bc3093c9f85c01cec2ee94384304179b81147c3ac396ffc7b
data/raw/paper/paper410.jpg,paper,3,data/raw/paper/paper410.jpg,ef7dcc0dff5fe504bb98a46c5f1bc2bcbdf7b98227d5d045501a4fcbdf6f30b8
data/raw/paper/paper411.jpg,paper,3,data/raw/paper/paper411.jpg,f5d2b72bfa7372201c49690bba1081c936c5554aa18e3cd7fa3a1dcb31fc8a3e
data/raw/paper/paper412.jpg,paper,3,data/raw/paper/paper412.jpg,8303e24006a890886c240fdebafd2367bb155876400f431869ce3ed485978c92
data/raw/paper/paper414.jpg,paper,3,data/raw/paper/paper414.jpg,b138992a593c8edd743db9d00f837e6297afff3796314d1429069fbb51bafc87
data/raw/paper/paper416.jpg,paper,3,data/raw/paper/paper416.jpg,29d700d928ab21e6605fa069fe0cccb9d80867eff31d5ab5c61349b4456f10c4
data/raw/paper/paper417.jpg,paper,3,data/raw/paper/paper417.jpg,eb9b410c41457573184918db22e03bc35b9d03b28cdd7c563aadac1f4b88bec8
data/raw/paper/paper418.jpg,paper,3,data/raw/paper/paper418.jpg,cb8c69c27362accb49e2caec57e62ebb29c2491f2532cf9015511fe049e3bc0e
data/raw/paper/paper419.jpg,paper,3,data/raw/paper/paper419.jpg,e02bcfd57fe1ae52f886e81139c0bbdf5c14261616683e36aa601a8a204cc9bb
data/raw/paper/paper42.jpg,paper,3,data/raw/paper/paper42.jpg,5b3c87ccdd32300b55d07dc425a25708db82992cb5470a334d4d3c97fd0802c5
data/raw/paper/paper420.jpg,paper,3,data/raw/paper/paper420.jpg,e639d177fc6a0930ec7f2bd86175181707e8534140dbfe3a96468e29324f5f1e
data/raw/paper/paper421.jpg,paper,3,data/raw/paper/paper421.jpg,2d38a56f93deb17e1ce71b48564ee56fdcb103c35b17e0bf98e4821d9eef04ec
data/raw/paper/paper423.jpg,paper,3,data/raw/paper/paper423.jpg,c25745d2b149af1dc2278847f7fbf54a70b970010b8689af88c292d679fef05f
data/raw/paper/paper424.jpg,paper,3,data/raw/paper/paper424.jpg,23e78e4678ddb10aa6d602d59c6bc6050bf66f6fcedd4c46265ada535706f265
data/raw/paper/paper425.jpg,paper,3,data/raw/paper/paper425.jpg,e38a2b321412fb4e3882f674368c4e48aa78e89d1a26b72fb2e9a8a46026588f
data/raw/paper/paper426.jpg,paper,3,data/raw/paper/paper426.jpg,b73c2e779bf1fdd4073f14aba88003e035c3d84c0b4000c17f25505c9f2f4441
data/raw/paper/paper427.jpg,paper,3,data/raw/paper/paper427.jpg,3be8b3c06fd8ac3684fd3ef524d402f7fe00bd5ba88881de3574c9ec2209306a
data/raw/paper/paper428.jpg,paper,3,data/raw/paper/paper428.jpg,09e48f6be6e26e151c8fe44499a14c46d23e80d92a2478d990b14ff8d1be5fad
data/raw/paper/paper429.jpg,paper,3,data/raw/paper/paper429.jpg,ab61a29f1b2d8316d13160a649f2d0682854f9b3be842f657536b6b52f134ed9
data/raw/paper/paper43.jpg,paper,3,data/raw/paper/paper43.jpg,dab73df4daa8ad0d4b5e8b8225c6c9e148746690a83c8e1ef36a3a3524297130
data/raw/paper/paper430.jpg,paper,3,data/raw/paper/paper430.jpg,79896519040b595512846383486889bd27125faa45c43debebb385170ebebc26
data/raw/paper/paper431.jpg,paper,3,data/raw/paper/paper431.jpg,766054e0b1acb3deced926109425a7e60b5c158f0cd81f738d18e2f586f66b73
data/raw/paper/paper432.jpg,paper,3,data/raw/paper/paper432.jpg,ef0a95b74fcab71d016e8d5f42e99c6eecf51ab8b0724b2a67db0e68cd108528
data/raw/paper/paper433.jpg,paper,3,data/raw/paper/paper433.jpg,ca9e1a9811589d9697a6ee9da588dbec665e765ac66aa25694f20795b3baaa8b
data/raw/paper/paper436.jpg,paper,3,data/raw/paper/paper436.jpg,e93492852a38ad865feda57bb001923ca1102fcc0321297d331a0e36a94f80cc
data/raw/paper/paper437.jpg,paper,3,data/raw/paper/paper437.jpg,e931442ae08e67cbcd2b5be98747f1c8082c84f9c6d9d1f8a35fb11e39b1d516
data/raw/paper/paper438.jpg,paper,3,data/raw/paper/paper438.jpg,242a6ec8181c6d33f83822c9ddcd4287c8a0f9e927ec8695794777182d0890d7
data/raw/paper/paper439.jpg,paper,3,data/raw/paper/paper439.jpg,ef1da15838f4bd1a3fb454480bb6cba871ad5f56f8d869ca57f8d1c56e528607
data/raw/paper/paper44.jpg,paper,3,data/raw/paper/paper44.jpg,854126a082919ebe0f9f127d58cf32ff0161c02fb836a33ce620aea08146f712
data/raw/paper/paper440.jpg,paper,3,data/raw/paper/paper440.jpg,09c9a789456404445c500cd5e50903e020456e25ffdf9aa5caa638440347cc5d
data/raw/paper/paper444.jpg,paper,3,data/raw/paper/paper444.jpg,fb4af369300166fabdb19b079a2c3062f4f80fa12852dfce3f04c1380743c4e5
data/raw/paper/paper449.jpg,paper,3,data/raw/paper/paper449.jpg,6406255b7c7f7a0e1a1ccce70d66401913fb23c7648f258b8b5dec5eea493481
data/raw/paper/paper45.jpg,paper,3,data/raw/paper/paper45.jpg,bcf1cacce0917d97dc1c9d9e722dd6f02ef134da850e304561f843ac7f20b510
data/raw/paper/paper450.jpg,paper,3,data/raw/paper/paper450.jpg,330019bcede08076860bad6d91aff0c352af470c12ebff3bf02a8072ead81c44
data/raw/paper/paper451.jpg,paper,3,data/raw/paper/paper345.jpg,42d237120099c86a3061407b3ff0e7b1b669c3890726337d79ff33b41e33e01e
data/raw/paper/paper452.jpg,paper,3,data/raw/paper/paper452.jpg,f218a1513bbd5ae0047427638d39cdd9b49bf847219c77dcaaa109f7bf17ab91
data/raw/paper/paper453.jpg,paper,3,data/raw/paper/paper453.jpg,1334821287382e98480ed9ac66becaa31cc8046b01806abaa9e37e3673ad2f40
data/raw/paper/paper455.jpg,paper,3,data/raw/paper/paper455.jpg,ff8505d60892033473294569da6b0d6a215340c17fccb27bace9e3e3fbc26c13
data/raw/paper/paper456.jpg,paper,3,data/raw/paper/paper456.jpg,ad46e70091c6eb11b49e3f288de4ea4a8ef2e6d8fef7c5944b96a358486c1cf8
data/raw/paper/paper457.jpg,paper,3,data/raw/paper/paper457.jpg,fb3ab1d0d5d421f4b4be1b55435591986ec0c35c1c9784d676a17f99b6ca21de
data/raw/paper/paper459.jpg,paper,3,data/raw/paper/paper459.jpg,d27e94858036fc53947cb3d3747d7bf1f1dc8cddf6d03bffa1f4742b84b61d6f
data/raw/paper/paper46.jpg,paper,3,data/raw/paper/paper46.jpg,794241228f86af7bda80b97900b7d99dafc89ddb0f32cd523684936f66db81f5
data/raw/paper/paper460.jpg,paper,3,data/raw/paper/paper460.jpg,5b3b58c9692113054240a12af277b88b8ad61b2ecc2fc1a948a11ce47eb7eb77
data/raw/paper/paper462.jpg,paper,3,data/raw/paper/paper462.jpg,e2770d67e42bc2ae3c4c6d55ede9d4a77408d066f81d2c68de9d9fc54ee41e22
data/raw/paper/paper463.jpg,paper,3,data/raw/paper/paper463.jpg,53f3381ab8b4b0cea5cebfb9ef6766c5485bfd23c9f806bf70548ead38103d4d
data/raw/paper/paper464.jpg,paper,3,data/raw/paper/paper464.jpg,309be609a5cd266a1dd34b7e2bc17770e274ce1ac156b7a59f2b2c36b0e5e072
data/raw/paper/paper466.jpg,paper,3,data/raw/paper/paper459.jpg,c76f0fb0e0c2a4b00c462f434438309e32e12392f729658269997d3626bd7d50
data/raw/paper/paper468.jpg,paper,3,data/raw/paper/paper468.jpg,726f1d0caa101406528a6cc20b38d2e8644de15376801e73d6463c6db446cddb
data/raw/paper/paper469.jpg,paper,3,data/raw/paper/paper469.jpg,8edeffd3d9dc0aefbb6d0669237476864f1abeb0b82aefa5c55d23a52fddc8e3
data/raw/paper/paper47.jpg,paper,3,data/raw/paper/paper47.jpg,f40ead1ac801a3fb2e9520c1f383952cc940a9e958f3a7dc3b33c402ffc061b7
data/raw/paper/paper470.jpg,paper,3,data/raw/paper/paper470.jpg,89c34d6081d6253eec9ff5d4b81d5e406de7b5ddd6ec4563eb55cc986181fa5c
data/raw/paper/paper473.jpg,paper,3,data/raw/paper/paper473.jpg,22c8b0e6530b57c37b73985c1c74394372c9c2d4cb70d080c01cf6689143cfe3
data/raw/paper/paper476.jpg,paper,3,data/raw/paper/paper476.jpg,6c5125a61e4a90bfee7de1db0104b1897ae88fa86c33027f2fe23f0fe7c3ced5
data/raw/paper/paper477.jpg,paper,3,data/raw/paper/paper477.jpg,75bf7bb9a46b9a7555d98127c5bedd0402bedab7d13f5f10f80512f6ee34a618
data/raw/paper/paper48.jpg,paper,3,data/raw/paper/paper48.jpg,5500deb7995281dc729c6870043d35aa7dc6f79a82febe22608ae9abeb5e3b16
data/raw/paper/paper480.jpg,paper,3,data/raw/paper/paper480.jpg,74ca7d71ec4c8b9dc003f5f27b615e2af40e9ff02f9f6e0d11dde9057f8647a8
data/raw/paper/paper481.jpg,paper,3,data/raw/paper/paper481.jpg,9d81bbee8153eb7c1fde03195578c7ece4f1316a4836c77d45a479a58ed3a38d
data/raw/paper/paper482.jpg,paper,3,data/raw/paper/paper482.jpg,905dcbbbc2870f060b986fb8784756d6c1f93c3f4c2414bfb2c1e64df9ee8249
data/raw/paper/paper485.jpg,paper,3,data/raw/paper/paper485.jpg,f1b684dbcf63fb341d112962ca8dc42bf3eb3ae984fd3901befe335609817b50
data/raw/paper/paper486.jpg,paper,3,data/raw/paper/paper486.jpg,3e2f85826777e8e31f054c8ef412589a0cf6904671fbd61e0eff6ca45570aeb7
data/raw/paper/paper488.jpg,paper,3,data/raw/paper/paper488.jpg,a7ecdf4d6267cf7b4893e57e62b6b7b802810d6e93f6228a88e2415beabaa6b5
data/raw/paper/paper49.jpg,paper,3,data/raw/paper/paper49.jpg,7ec43fc936a809ca74cb55daabd0097236017cb4f205de16befb96dda33e779c
data/raw/paper/paper492.jpg,paper,3,data/raw/paper/paper492.jpg,4ace1c20aae76c7c5dc3fe1e9db206fe8abc5565d9f67be21d02c96dd941ae8a
data/raw/paper/paper493.jpg,paper,3,data/raw/paper/paper493.jpg,c0e2a3a37b098b4b4923dc3bb67a30ed502867535d837d0bc8063b1322fd0885
data/raw/paper/paper494.jpg,paper,3,data/raw/paper/paper494.jpg,20a83da01cbf24694407ea3efaf2d842005ef4958151189c5da1364e65dae808
data/raw/paper/paper496.jpg,paper,3,data/raw/paper/paper496.jpg,ea0e35589e6c56a3ede6489df7eba026abc77745e75c92224e1f18e58891cbcd
data/raw/paper/paper497.jpg,paper,3,data/raw/paper/paper497.jpg,2a68e92046611c511dc12c44eeec7509cdf44e93a7ee64abfd4a77f37d0091ac
data/raw/paper/paper498.jpg,paper,3,data/raw/paper/paper498.jpg,5787607d53f73f8823a54e906c0205f7f871d3267d5689a5d903d9676e8d2a3b
data/raw/paper/paper5.jpg,paper,3,data/raw/paper/paper5.jpg,d80bf1a350dcd8174b3adb8855b942f3c44f3dfdcd9d09bd68e010d6d9681716
data/raw/paper/paper500.jpg,paper,3,data/raw/paper/paper500.jpg,97cd5afbed0a12646203faf02ee292f53ea517306d2953c1de86a77208d6bd01
data/raw/paper/paper501.jpg,paper,3,data/raw/paper/paper501.jpg,e3bb68ec0d8d6fb0628a6671c8740c3bcb01fff7d7632805923f126d0b9f70ed
data/raw/paper/paper502.jpg,paper,3,data/raw/paper/paper502.jpg,1cde634898618890a7817c791f5f818b6cd269d7b651be591ca76607d1388190
data/raw/paper/paper504.jpg,paper,3,data/raw/paper/paper504.jpg,a29f26705f053e3cbcb729c05e56f63543a3aa37dffa5b125419ed357d6dade3
data/raw/paper/paper505.jpg,paper,3,data/raw/paper/paper505.jpg,1eae712ac200b7a5ab02ac1b977126371780dc32cb556e62e837c67b3d20dde5
data/raw/paper/paper509.jpg,paper,3,data/raw/paper/paper509.jpg,97e55747804aaba3e7ab3326ff259e90515b80afd4dfe406e118fef50402d104
data/raw/paper/paper51.jpg,paper,3,data/raw/paper/paper51.jpg,66d1fbbd073c0676b85450a5d1494337e93f581e81a9ec9be3bc2a7ff5759245
data/raw/paper/paper510.jpg,paper,3,data/raw/paper/paper510.jpg,a5225d6c8997c630596ddd25720da37a47c61b991327a67707b99db4273b8651
data/raw/paper/paper511.jpg,paper,3,data/raw/paper/paper511.jpg,44c3a8746de764692183aaba206853754323cb98b1c0853bae98f33ce520dc24
data/raw/paper/paper514.jpg,paper,3,data/raw/paper/paper514.jpg,b60d9d17bc14273941b2f1df9dff2fca612146ebd5eff495498138d8cbf58e55
data/raw/paper/paper515.jpg,paper,3,data/raw/paper/paper515.jpg,ad73f6f573594005df19893af48a002c721a9478e8c14a68e9f39503e28edd04
data/raw/paper/paper516.jpg,paper,3,data/raw/paper/paper516.jpg,2192c4e4d3e7abbe057e4ea29633c1a1bc34ebe571191a94f856e16588ada713
data/raw/paper/paper517.jpg,paper,3,data/raw/paper/paper517.jpg,944939b365cc992a557100c9b9010d40716ccd9f98dd1448b5c6135300c42c52
data/raw/paper/paper52.jpg,paper,3,data/raw/paper/paper52.jpg,be7a5c7898c15c3ab2aa33e38c9dcaa5636589830f4d4ce8d334881aa7b1e073
data/raw/paper/paper520.jpg,paper,3,data/raw/paper/paper520.jpg,5157000af5c64bb66548a4d63bfc8c14ff05f28550822676c0c4eb729dbf338e
data/raw/paper/paper522.jpg,paper,3,data/raw/paper/paper522.jpg,e958ecbe96178e040c671a8b0bf8121fac4049312baad3f953654138af775e02
data/raw/paper/paper523.jpg,paper,3,data/raw/paper/paper523.jpg,09e7eccd73b0f56d3daa6656d3a1388e92b9b25aff046816caba9c7d05b244d4
data/raw/paper/paper524.jpg,paper,3,data/raw/paper/paper524.jpg,3028470d0eee7c5c2030e78b086fa6c656467788ce7953867ae728262e197f50
data/raw/paper/paper526.jpg,paper,3,data/raw/paper/paper526.jpg,0d8032903e348d8797d74caa956af7613e3adf78d98eb7d44f5de41324122187
data/raw/paper/paper527.jpg,paper,3,data/raw/paper/paper527.jpg,5f0563d1616649c3e42b0b1217ec1c2b32c6caf5566d372d92a826cba8eee152
data/raw/paper/paper528.jpg,paper,3,data/raw/paper/paper528.jpg,cc1e46f9638b8c20b0f3ee2bf690f22608e8130315463e8bc20e4fcfe26f8edb
data/raw/paper/paper53.jpg,paper,3,data/raw/paper/paper53.jpg,660cb3a69fb9662a5d5d7b5270290e542a5dfc225e520d24cd9e85181e9be01f
data/raw/paper/paper530.jpg,paper,3,data/raw/paper/paper530.jpg,69c9f05c80d97470e575c5927f8523b0f4ffded91c0a18b53518a58c1a7b1787
data/raw/paper/paper531.jpg,paper,3,data/raw/paper/paper531.jpg,19de2c32e6481800bb60f418780fa2062e40501ef9b4ebc6e1ddfec513d4169b
data/raw/paper/paper532.jpg,paper,3,data/raw/paper/paper532.jpg,8bcd2587bab0e7a5db16c85ab5cf9128feb66e014abaca8dfa4de307bc431706
data/raw/paper/paper534.jpg,paper,3,data/raw/paper/paper522.jpg,14ef96013dfd73a1278327d6bce4d3884b675f12ccf5bf026d796be58d5c5793
data/raw/paper/paper535.jpg,paper,3,data/raw/paper/paper535.jpg,b1873815e7343f96ce71943ba13d0de9acdffcb3daaf61d6a5293ea91e580ca7
data/raw/paper/paper536.jpg,paper,3,data/raw/paper/paper536.jpg,4809a161e34e14dfb8dc5a96f3ba7290fb382d810b31d82e81a8e3e2f64f3587
data/raw/paper/paper538.jpg,paper,3,data/raw/paper/paper538.jpg,6ffb73b219c5762d0a80ab7a5e02c336a000f866096c1f9b384e19e5ae32fdcf
data/raw/paper/paper54.jpg,paper,3,data/raw/paper/paper54.jpg,b186bdf63509f0e177ad7b9412666a8422b0c968b00e0e7f28e46ef493e4c8b7
data/raw/paper/paper540.jpg,paper,3,data/raw/paper/paper540.jpg,c3a2a284f11776a37db8b0d354f6c2aea9d46b9439709f4a79aeecaf577cb8a8
data/raw/paper/paper541.jpg,paper,3,data/raw/paper/paper541.jpg,c4888283b8ad6f05c97cc8f33098db1edc363ff6954e7bbbc848b6e26e07fc62
data/raw/paper/paper542.jpg,paper,3,data/raw/paper/paper542.jpg,fae969f6c21d518455ed497e1e1dedaf2a191341880d945183b508933ad6cfa0
data/raw/paper/paper543.jpg,paper,3,data/raw/paper/paper543.jpg,761132411c4fcc4426c0684deb30fc990dfd798434b5be909d00f4212fda2cbb
data/raw/paper/paper544.jpg,paper,3,data/raw/paper/paper544.jpg,fc2c6afef0dbdf818a4bd80028819e10bd16cf16831c762ef49a6bd64857edc4
data/raw/paper/paper545.jpg,paper,3,data/raw/paper/paper545.jpg,84f3c2cda395f5ceb202f4289bc1aad7354db5351d3a136d1afcb50aa4f403a7
data/raw/paper/paper546.jpg,paper,3,data/raw/paper/paper546.jpg,eda36d177b6ad3bc255f1298186bfb8b529f179136e9746f1a7d0265c9404235
data/raw/paper/paper547.jpg,paper,3,data/raw/paper/paper123.jpg,06a3fd636f031d89e3fb4420c4642c335a68cb22e2b40a6e9264e46520e2e6ab
data/raw/paper/paper548.jpg,paper,3,data/raw/paper/paper548.jpg,3364b945cd88b7238cd23dab9b5e95ec3da2ec3310082b3eef4db34b5f5ef833
data/raw/paper/paper549.jpg,paper,3,data/raw/paper/paper549.jpg,e3e78970390cc464123f3f38b5fe1559f5d2c8ef5e6e704d4e8c1992fe4d9cff
data/raw/paper/paper55.jpg,paper,3,data/raw/paper/paper55.jpg,61e4135a107681ed768c845a1c5944dff554041fce30e8ff2263be7f1f684b6b
data/raw/paper/paper552.jpg,paper,3,data/raw/paper/paper552.jpg,7b5f712e8ea0c176a923ce52bea635ae2c61cb2061a3214599414c7b84b28557
data/raw/paper/paper553.jpg,paper,3,data/raw/paper/paper553.jpg,ada930715b7283772c19ddea06bbb12e936db535682644e692a6c360af4d2ce4
data/raw/paper/paper554.jpg,paper,3,data/raw/paper/paper554.jpg,dae4a870646cd9b6ab60cbbc6bbc97460418323240824a32efda2f42f605bd26
data/raw/paper/paper555.jpg,paper,3,data/raw/paper/paper555.jpg,864d3e080dbbfd68bae03035dbf482a1cb2879f9236982a2b0103bb4f122a33b
data/raw/paper/paper556.jpg,paper,3,data/raw/paper/paper556.jpg,54783d495508ba31e4fcee64a4f08802402fb9af78a57cc2727985964d7ec338
data/raw/paper/paper557.jpg,paper,3,data/raw/paper/paper557.jpg,7d248992b164c7d3536b3c8b1d0062157e92b2851ccb876ed2da497b745c78fc
data/raw/paper/paper558.jpg,paper,3,data/raw/paper/paper558.jpg,54528f7358c406bed4206f29b141f70a91ff74c1f21744d970ecf3dda1cf1dee
data/raw/paper/paper559.jpg,paper,3,data/raw/paper/paper559.jpg,f2897fe901c4e34ad283c176d59f9270a7b6629fb3ef48332d41e238dc17e974
data/raw/paper/paper56.jpg,paper,3,data/raw/paper/paper540.jpg,1eeea1a90dbe6ca66e223936ca6e5d6e329d880e547d69ab217c8d1459a8d185
data/raw/paper/paper560.jpg,paper,3,data/raw/paper/paper560.jpg,cf4d6f56134e7a8a6d914165047ff9399a953cad758b57f4fbad45369e045d6c
data/raw/paper/paper561.jpg,paper,3,data/raw/paper/paper561.jpg,afffd4d9451b375e6907fc1d9b6a4ea4cdb04f9d10694321249aa8c4e0e5fcb5
data/raw/paper/paper562.jpg,paper,3,data/raw/paper/paper562.jpg,1ec12a8ca7d10883c4fa60b804438a71b2ca53ca69f39ed04be43feee3b97bc9
data/raw/paper/paper563.jpg,paper,3,data/raw/paper/paper563.jpg,7a4bc026bd4687a14b8bfc863e0a95bcb411acdafcbf5224302b6b71bc1fefae
data/raw/paper/paper564.jpg,paper,3,data/raw/paper/paper564.jpg,c0cd76e305f4f20ad7148220466bbd44b5026053594c34c0ac096cf86edf0ee5
data/raw/paper/paper565.jpg,paper,3,data/raw/paper/paper565.jpg,293810fb17f833f24d38525b7cfd33c049c95ac0e2b760652d39e4a19555203b
data/raw/paper/paper568.jpg,paper,3,data/raw/paper/paper568.jpg,1f870076b896fe0bf5cf4f9f0417c16cb32010e05b42d1fdcf0a76dff46f061c
data/raw/paper/paper569.jpg,paper,3,data/raw/paper/paper569.jpg,72d0fbc7794576c241cecfdacbabdac24a61ece7c9d9dd6734158cc6040a0185
data/raw/paper/paper570.jpg,paper,3,data/raw/paper/paper570.jpg,2fa1f0646d8d321df59ea70a0980785d4f364ed05897eec367d66728f601c469
data/raw/paper/paper572.jpg,paper,3,data/raw/paper/paper572.jpg,f68e3a0bf970b94f85658c50b07a0dc6076125d56a068f89bdeea5a7228b23c8
data/raw/paper/paper573.jpg,paper,3,data/raw/paper/paper573.jpg,01de0e642d3da0ca996db66780a0de0494a68a4f9897fdd8747850bcbac51174
data/raw/paper/paper574.jpg,paper,3,data/raw/paper/paper574.jpg,673bd5ccbbd97db5dcbb761aa782d16c856dc89888d8ac58974459306ff421e4
data/raw/paper/paper576.jpg,paper,3,data/raw/paper/paper576.jpg,4574ebaaf26c9ed0c898f1fe81e11ff874832c5d880b33645d175be23f580fed
data/raw/paper/paper577.jpg,paper,3,data/raw/paper/paper577.jpg,9ce06b4214115851c2a0b489cf5506521eaddc4827f4557e9ac7bc1a6a7213b3
data/raw/paper/paper578.jpg,paper,3,data/raw/paper/paper578.jpg,2b86b60d03f14160ad6c118006403224ca898823a3150f2d2eaefac171ee36da
data/raw/paper/paper579.jpg,paper,3,data/raw/paper/paper579.jpg,19ef2e438b9aa7a2cb382288f9f3cfee6db7e61c6918752cac3992ef28bb9fd8
data/raw/paper/paper58.jpg,paper,3,data/raw/paper/paper58.jpg,2aa131bae0e09410858f8fd4cb174fac80f25bb8dfd19add1cb6af2148a851ac
data/raw/paper/paper580.jpg,paper,3,data/raw/paper/paper580.jpg,41b57d2c0c364edc6d89b34d2e318c64088db2d0eb6d54a3551f1fc892484359
data/raw/paper/paper581.jpg,paper,3,data/raw/paper/paper581.jpg,9e39fe347feca5439bdc81b9d343a22daa7cc6cc607e278b29f0394ed5064452
data/raw/paper/paper582.jpg,paper,3,data/raw/paper/paper582.jpg,a46ab9bf4e4533eee5976f7504e05aaea1cf61fcbbbf385c8c304df2524b3f85
data/raw/paper/paper583.jpg,paper,3,data/raw/paper/paper583.jpg,0e1fe4cbdbe701ceabdc1edebd372231c473d32037e93f9f034c7d3f4f5f2c7d
data/raw/paper/paper587.jpg,paper,3,data/raw/paper/paper587.jpg,1ebebe6611cdb391116d723ea4429446eccfb74a3df35e94fe071360443c9725
data/raw/paper/paper588.jpg,paper,3,data/raw/paper/paper588.jpg,18e0117f5f511fdeeb8a0561d5df892b1136c923ccc992a9c6e83f728d06a0e1
data/raw/paper/paper589.jpg,paper,3,data/raw/paper/paper589.jpg,36e9d6b35ec278b7a3c049bca5498f48796d2afd4fea3cc27451d29e857e4a33
data/raw/paper/paper59.jpg,paper,3,data/raw/paper/paper59.jpg,868bba7189276887f4f84a656cdfcd0f0934cb0a0308e8eba7806f37e7317e66
data/raw/paper/paper590.jpg,paper,3,data/raw/paper/paper590.jpg,7aed1fd9b1cf2a04270b3d90e182dabcdb6c96d604000d0e24f5d8c78715f2fc
data/raw/paper/paper592.jpg,paper,3,data/raw/paper/paper592.jpg,6de94a8ae9fcd8d62d4870bfa9369bcf4a9517e50de9f12f818c903c4b054c0c
data/raw/paper/paper593.jpg,paper,3,data/raw/paper/paper593.jpg,202989661312ee01f985e621b8da49d47785e2fe5e25fa05e0da86acd19fd0bd
data/raw/paper/paper594.jpg,paper,3,data/raw/paper/paper594.jpg,599fbe6a3100966f04191ef72d57667e931232749390a7ccde24215951989032
data/raw/paper/paper60.jpg,paper,3,data/raw/paper/paper60.jpg,491eaf967ece7e09187a49d0cf2bf908c615750720905c8f2dd91171a1203ac0
data/raw/paper/paper62.jpg,paper,3,data/raw/paper/paper62.jpg,d1617cc3a51acea892e1cfb461502ff7b02be2e2da0ae766c5e8beab3f3c741e
data/raw/paper/paper64.jpg,paper,3,data/raw/paper/paper64.jpg,d2976d8bd28f32817e8449f4aa100d10dddd104fef8e08b2eabadc16e54dcd3a
data/raw/paper/paper66.jpg,paper,3,data/raw/paper/paper66.jpg,faf309df70053e5bbae3f245fda3ed630a9afb81f105ee278d238d43221fc7d0
data/raw/paper/paper68.jpg,paper,3,data/raw/paper/paper68.jpg,6fc4f8109ca48036e6bca958b629c3e35c6484e3403b0b6410be3814d0b13395
data/raw/paper/paper69.jpg,paper,3,data/raw/paper/paper69.jpg,762411e33898bcebc7d6d682246156588719e5618e03bb70cfd2e70cf91fe2da
data/raw/paper/paper7.jpg,paper,3,data/raw/paper/paper7.jpg,224a8e782d1f02b4a38aa93fc839af27a1da07ad51a3bce061f84b43e58c64c9
data/raw/paper/paper71.jpg,paper,3,data/raw/paper/paper71.jpg,bbee1c3572ce9aabba96dc406c0b5bb709dbaabf8c95005eb26e4d4b96c92353
data/raw/paper/paper72.jpg,paper,3,data/raw/paper/paper72.jpg,f704f08e98f9cdf162057dd283b2187d3b26e2b98d58f488d633596a3f46b4c5
data/raw/paper/paper74.jpg,paper,3,data/raw/paper/paper68.jpg,c09f59b8068c9177a2b014d946b326f4d28855c6b93276078d4cb9d7593910ac
data/raw/paper/paper75.jpg,paper,3,data/raw/paper/paper75.jpg,7642d2055d44774f5b59d70985a1ee904a568dd146e0965b7e78f1f97883c2c0
data/raw/paper/paper76.jpg,paper,3,data/raw/paper/paper76.jpg,6cb1b0932891aaf84852c0b7a05adfc2d1711682af5918a26e63bbd5110b0a07
data/raw/paper/paper78.jpg,paper,3,data/raw/paper/paper78.jpg,bf7bc79ea0ceb7a689287b4cb2bbe366967affa7b22ded12dca31ed638a64adc
data/raw/paper/paper8.jpg,paper,3,data/raw/paper/paper8.jpg,d048ba0a934e54c5d61b0bf6c1fa7c6a08955481a780e8aa40b28450a2c2b1db
data/raw/paper/paper81.jpg,paper,3,data/raw/paper/paper81.jpg,5a74aefc5d97df2259473445d28214ab4ae8bf3cfcc5c38e1e8031663f16a8d2
data/raw/paper/paper83.jpg,paper,3,data/raw/paper/paper83.jpg,b802c684c77ebc0def38d2769145e5f9baaf1e14a97b6b52af9e31f4615dfdaa
data/raw/paper/paper85.jpg,paper,3,data/raw/paper/paper85.jpg,ba24b0495b1c7590228018857d2f11cd85c456e22b653d46732c9b3a310d258d
data/raw/paper/paper86.jpg,paper,3,data/raw/paper/paper86.jpg,76aa99b1636d80f6e440043e098f5ea5fa615006e45f468f19bdca96e262b53c
data/raw/paper/paper87.jpg,paper,3,data/raw/paper/paper87.jpg,424e4b99c87b9a0bcde31b5835fb39f6428223508d1b3ed971d4d688b2d6aceb
data/raw/paper/paper89.jpg,paper,3,data/raw/paper/paper89.jpg,04ae1ef1fa24fe00ce75eb46612e3858b38992218613a17e1fdb42072ffd227d
data/raw/paper/paper9.jpg,paper,3,data/raw/paper/paper9.jpg,9343acf12f8934a4dd9f57cd8b88df51e6193db607c109fe55776aad66b19941
data/raw/paper/paper90.jpg,paper,3,data/raw/paper/paper90.jpg,21d783b57bfbe3bbf0da89a38e4d7414955ab366e7d29222e450fe6754f6df82
data/raw/paper/paper92.jpg,paper,3,data/raw/paper/paper92.jpg,ec6e1d5683e3ceb8bc68e7617814db08a5a01907b24f5d9cad32b7385271da78
data/raw/paper/paper93.jpg,paper,3,data/raw/paper/paper93.jpg,12407e13f6331b69927bbf9dfae1e08a6d0c7117fb0712d896f47269ef86730c
data/raw/paper/paper94.jpg,paper,3,data/raw/paper/paper94.jpg,fc31668ab981babaf03d2f380744914d5651a83c0639fcfba0841b351c720a3c
data/raw/paper/paper95.jpg,paper,3,data/raw/paper/paper95.jpg,561669d95f05f86d8fdf6193957889bb3a3fb5b19f2adb87c14ee4110c7550dd
data/raw/paper/paper97.jpg,paper,3,data/raw/paper/paper97.jpg,331304638e9b9bbf25588b2a3f4c3f726f7c1a05c271186c7e28517f26424152
data/raw/paper/paper98.jpg,paper,3,data/raw/paper/paper98.jpg,1e8d901da0c91216f96152b1e168b8809760b403c707342c8d79b33c309ea7fd
data/raw/paper/paper99.jpg,paper,3,data/raw/paper/paper147.jpg,f3b31b7837d1fc0def8b7087409d71ca1a1e55cf089894890bdedf83c97de421
data/raw/plastic/plastic10.jpg,plastic,4,data/raw/plastic/plastic10.jpg,506370e2423c2b1f319eab858cabb55417b813900286171480c871d619dbd25b
data/raw/plastic/plastic100.jpg,plastic,4,data/raw/plastic/plastic100.jpg,00e0bbcc0a75007fb79cb8e2e96a48c3d32941ee9ae8918590f846261d5aaac1
data/raw/plastic/plastic101.jpg,plastic,4,data/raw/plastic/plastic101.jpg,8fe2a6c5b6d485d7f040d58be8704e9988f7da90378dc0a06ef3093002b15c20
data/raw/plastic/plastic102.jpg,plastic,4,data/raw/plastic/plastic102.jpg,f35be988683274741b7a26d147953d4fcf63b6dfebb6fe72601c6a56e3c9eda2
data/raw/plastic/plastic103.jpg,plastic,4,data/raw/plastic/plastic103.jpg,87b7c1963f3edaf573ca0b650117b57f082754cf03e96e9b5f32c89bb0d4baf3
data/raw/plastic/plastic104.jpg,plastic,4,data/raw/plastic/plastic104.jpg,ee2efd0c3de2816f3009e3220d6ceb0bf1ba3f9b02563814f85fc4fa9fd09972
data/raw/plastic/plastic105.jpg,plastic,4,data/raw/plastic/plastic105.jpg,4b3baf362454ca82fa25407200355a6646ee8d2fd89bad5f146a35fe1ce61ebd
data/raw/plastic/plastic109.jpg,plastic,4,data/raw/plastic/plastic109.jpg,bec428c22bb87fe0c47558ad00516742c36558c87d8da223803baa40e8bb450e
data/raw/plastic/plastic11.jpg,plastic,4,data/raw/plastic/plastic11.jpg,b086f7eb43ec7d3b990c5e1a4250ac23472c4b79b093fb5d33b3bcac75ea072e
data/raw/plastic/plastic110.jpg,plastic,4,data/raw/plastic/plastic110.jpg,1078b4398ee115a73d3ab007959c970e3230ca232d840e2d00d4f6038949d6fe
data/raw/plastic/plastic113.jpg,plastic,4,data/raw/plastic/plastic113.jpg,44d8c7b8b344ab3ba030ea0492d186b786fdc4a8c2010aa2e8a0dc98cb4e1ede
data/raw/plastic/plastic116.jpg,plastic,4,data/raw/plastic/plastic116.jpg,6baac8c58f3c8f9af351013ebb6479f31d8f055b7bc25b25c55e7a54db4c1a21
data/raw/plastic/plastic117.jpg,plastic,4,data/raw/plastic/plastic117.jpg,1a2f52e6f942c7283041e4a49dda2f309941c2a1fc2de0dd1b8a832b3ba26f89
data/raw/plastic/plastic118.jpg,plastic,4,data/raw/plastic/plastic118.jpg,a8aafb65c4580c1f9f63280dab07f94791a7469edb7452d6fbbcb3b0ae0f7be6
data/raw/plastic/plastic12.jpg,plastic,4,data/raw/plastic/plastic12.jpg,9276e09c44fbf0dd5bf7f405de6efd7edfe61099f7de9019879d2eaba07f47a6
data/raw/plastic/plastic121.jpg,plastic,4,data/raw/plastic/plastic121.jpg,475d2f7b09bac0c800b26af40dcfc9de1e7c85aec2c84d5390f3cbdee85bd7fe
data/raw/plastic/plastic122.jpg,plastic,4,data/raw/plastic/plastic122.jpg,54408331bae646ccabeb2e77330bc9430d6c6ea7440f294ab7aeed0c458b4add
data/raw/plastic/plastic124.jpg,plastic,4,data/raw/plastic/plastic124.jpg,71efb049f7a58617c6c2d53dd490e2fd194a0b22b6753fc97efe84e82f3f7d42
data/raw/plastic/plastic126.jpg,plastic,4,data/raw/plastic/plastic126.jpg,219faadf8ca0140bbe363127e9414f3e53718c2ff180c4ac1a6173a66a2abae1
data/raw/plastic/plastic127.jpg,plastic,4,data/raw/plastic/plastic127.jpg,bcce89202c141ce13a6f4bc83bac9fdbe3d703b93cf55b96e5e9b76523d3bcd7
data/raw/plastic/plastic128.jpg,plastic,4,data/raw/plastic/plastic128.jpg,a26e462649edc9bef4fea36cda86c8e8433219c03ac428a97243467c7dfddb82
data/raw/plastic/plastic129.jpg,plastic,4,data/raw/plastic/plastic129.jpg,cc4229329892f78ad0551448cbb1d659834e211bfce1aa839d4877b88f410c20
data/raw/plastic/plastic130.jpg,plastic,4,data/raw/plastic/plastic130.jpg,05da256767172a2eb0619d0014d6763bb4cbb92b75e3fd328c5db86f6f80f6bc
data/raw/plastic/plastic131.jpg,plastic,4,data/raw/plastic/plastic131.jpg,9e65c52e21e2ab0d53c5d02032a6b8c7d2bc1176a92727850e56ac55ad8048e6
data/raw/plastic/plastic132.jpg,plastic,4,data/raw/plastic/plastic132.jpg,554e898f89e123b1f1801e9863d60cc789277dc2b5b62112f6c7cf9a7b603bdf
data/raw/plastic/plastic133.jpg,plastic,4,data/raw/plastic/plastic133.jpg,1fa0f0b2c0ff6e61c85ad20f23460bdbbd9cb96a27cec75c76763747716c9324
data/raw/plastic/plastic134.jpg,plastic,4,data/raw/plastic/plastic134.jpg,f20f144f44908e67f1008cf6344d9fc12a72a6f9883a063722b4dbfe10bff064
data/raw/plastic/plastic137.jpg,plastic,4,data/raw/plastic/plastic118.jpg,de59966908bd7f79f6a902350212ff69e473b34f3c60ad4c4c97dbdc90fd2e9a
data/raw/plastic/plastic14.jpg,plastic,4,data/raw/plastic/plastic14.jpg,3c1cc3b63ab1cdf605adfabb8fb059f2471645516fc99446a4c665d85f7541ff
data/raw/plastic/plastic140.jpg,plastic,4,data/raw/plastic/plastic140.jpg,a6b5c0650a6b5b6f2117fa074bc95b7766eebdf6fe27f177dcd9554458e58516
data/raw/plastic/plastic141.jpg,plastic,4,data/raw/plastic/plastic141.jpg,a4f6e17f8c565e8a319d01d67287cef90f4ff74b2c476f4492f52343e21d8137
data/raw/plastic/plastic142.jpg,plastic,4,data/raw/plastic/plastic142.jpg,630e0de1fe0eea7e7142e238032ec10b6fff345411bc79ebfc77bfe441ee71cd
data/raw/plastic/plastic143.jpg,plastic,4,data/raw/plastic/plastic143.jpg,2b4099e51228220b28a0960f3bac42200765f00d88c1bacc1420740b8a645dd3
data/raw/plastic/plastic144.jpg,plastic,4,data/raw/plastic/plastic144.jpg,cb1e8246f2413ce6bdbf4ec97083a88eef3577ff55362fc0b0045373c514f641
data/raw/plastic/plastic146.jpg,plastic,4,data/raw/plastic/plastic146.jpg,9b7b14d2025b1827110fd60d02a54b605e6b0e18da547c35dc240f9b324fa698
data/raw/plastic/plastic149.jpg,plastic,4,data/raw/plastic/plastic149.jpg,443a178c7fe0793564fd8213aea0dc218c863f50fa6dd43f88e47b837f807e9a
data/raw/plastic/plastic15.jpg,plastic,4,data/raw/plastic/plastic15.jpg,5dac04cf4d4fcc77d7469a3985b587f325f785523b31e6c8d504f4d7c7f4ed75
data/raw/plastic/plastic151.jpg,plastic,4,data/raw/plastic/plastic151.jpg,65669691c0dfb00aeca597fd6d2ab22473e5734feb3c2fee9160920255234def
data/raw/plastic/plastic153.jpg,plastic,4,data/raw/plastic/plastic153.jpg,214c390cd34fce2b18dd269926f2dce3f7defb135278d800bcc0cea0db207aca
data/raw/plastic/plastic154.jpg,plastic,4,data/raw/plastic/plastic154.jpg,30d4a12de850e642437cd40013f09f68b32193d7d935ec2ef3a3200c0a80b4b3
data/raw/plastic/plastic155.jpg,plastic,4,data/raw/plastic/plastic155.jpg,8a6621ccf8739d86b2b724bbd4034d0e0d6cb6bc769b60619c995785200489ec
data/raw/plastic/plastic156.jpg,plastic,4,data/raw/plastic/plastic156.jpg,6e76b073923dcfef1a4cd1b7510d0a840d8ee83f68258ab9a285955c354d17e5
data/raw/plastic/plastic159.jpg,plastic,4,data/raw/plastic/plastic159.jpg,e1a19322d0a390190ad4308f5dd7f5926f8070376592d621d4104d16427f010e
data/raw/plastic/plastic16.jpg,plastic,4,data/raw/plastic/plastic16.jpg,33c554d03819abd4f0f326cf8b07b00611ea4d2c92dbaa53e51718989e9a2166
data/raw/plastic/plastic160.jpg,plastic,4,data/raw/plastic/plastic160.jpg,393c105a4f5bb2eb904f6b2e4bd9da533fc7ade97df1f3c79d8e51da9c2b9d14
data/raw/plastic/plastic161.jpg,plastic,4,data/raw/plastic/plastic161.jpg,afa02cdb3ad470cf5bb1a5ee4d6297d3b0228ee7e2e48fc5973370f91dddcb46
data/raw/plastic/plastic165.jpg,plastic,4,data/raw/plastic/plastic165.jpg,5f3f970fb7fa2143711f163afe4a0d92cb86b338f1615271e77345884f148704
data/raw/plastic/plastic166.jpg,plastic,4,data/raw/plastic/plastic166.jpg,4153554f90520551ad05959e1e6631483d5f34669e59412d33e8ccac10ff7879
data/raw/plastic/plastic169.jpg,plastic,4,data/raw/plastic/plastic169.jpg,ea63e0f3a543c45c158a408a2fb730cff3d32d146f501d04fff4bec4ff0ad87f
data/raw/plastic/plastic170.jpg,plastic,4,data/raw/plastic/plastic170.jpg,1f4467071265642d3170c0336c19644f5f9b7b3944cfb5b5ad41f8771094e801
data/raw/plastic/plastic172.jpg,plastic,4,data/raw/plastic/plastic172.jpg,570ba0c54b086b600a253a9522a636f848051dbad9c7dbc1af7c1e05d5f357c5
data/raw/plastic/plastic173.jpg,plastic,4,data/raw/plastic/plastic173.jpg,0e5498eeb7c54c88280aacb7e375089fba40be8473c73127fc592fc6e763db5e
data/raw/plastic/plastic176.jpg,plastic,4,data/raw/plastic/plastic176.jpg,72abdcf185dc7df2d4679d0449f54656b550e7e80088ec8bbe94598f51638fd9
data/raw/plastic/plastic177.jpg,plastic,4,data/raw/plastic/plastic177.jpg,b0dbf76688a902b77194dc78f8fb422ae6372bae747a9c6df479c930ce58c13a
data/raw/plastic/plastic178.jpg,plastic,4,data/raw/plastic/plastic178.jpg,9d42a746c0d30e6cc21cd40c35189cdffa651035f95ec552dadfba5cfef83fc4
data/raw/plastic/plastic179.jpg,plastic,4,data/raw/plastic/plastic179.jpg,ad299921a80a27a58d01757bd887dd9c255ecf55ff18ef6fc4d97e03aceee118
data/raw/plastic/plastic18.jpg,plastic,4,data/raw/plastic/plastic18.jpg,75f4d51c55138ec671dda4488d50c6742730fb5124a7acdb4bbe1655bb54f802
data/raw/plastic/plastic180.jpg,plastic,4,data/raw/plastic/plastic180.jpg,2d1992d1550347f99e6aeba304ca7794d2021aad257d048e1a3d2303a524f304
data/raw/plastic/plastic182.jpg,plastic,4,data/raw/plastic/plastic182.jpg,0eaf0d06661b144a9c06dfd259403eabd5b2f10e1fd31d51dc658b69e93a6068
data/raw/plastic/plastic183.jpg,plastic,4,data/raw/plastic/plastic183.jpg,1bb07d23d88c135a03b8ccb4ab47497dc3bf231cf194a0cf936310d9766195c2
data/raw/plastic/plastic185.jpg,plastic,4,data/raw/plastic/plastic185.jpg,422899cba7912927777c3f682ca2eb7400f067b69a908e15c0026779e3fea928
data/raw/plastic/plastic186.jpg,plastic,4,data/raw/plastic/plastic186.jpg,7ef599e5edf2b0c5ba84992507aa5a90250faf7c1fa9cbc93c0c42601a0e0c24
data/raw/plastic/plastic188.jpg,plastic,4,data/raw/plastic/plastic188.jpg,95ee1f7a19e5987f0be3e7dd0781f374ecbd7a10666deda14a6fba1c63850c51
data/raw/plastic/plastic19.jpg,plastic,4,data/raw/plastic/plastic19.jpg,aff2c03bafe7c1efcb645ad0b57114df478f5f04aaeae15d16354e414f2445eb
data/raw/plastic/plastic190.jpg,plastic,4,data/raw/plastic/plastic190.jpg,a958771cab8ecb665a768a1b9e1605f289f4beab74938d1255ac3e04fe77cf14
data/raw/plastic/plastic191.jpg,plastic,4,data/raw/plastic/plastic191.jpg,ec065cf4559fb3b6aca7e07624d2bed44edd2495850087dde7decbf2af6a8070
data/raw/plastic/plastic192.jpg,plastic,4,data/raw/plastic/plastic192.jpg,24470846efab9351855d86998eaa42f45963d6189bd138754a49a6bbc869bf71
data/raw/plastic/plastic194.jpg,plastic,4,data/raw/plastic/plastic194.jpg,e065d6d28ef07271accb840f14449ac7a73128c09fa04e35819a1083960934cf
data/raw/plastic/plastic195.jpg,plastic,4,data/raw/plastic/plastic195.jpg,c1ee09df23c4e7df0882b4be96914e7d41c9f6f6c5e85a475ea6ea709c5812b7
data/raw/plastic/plastic196.jpg,plastic,4,data/raw/plastic/plastic196.jpg,9b1ff3737dd984d1b81ecae4ef290f894cee197eac3b1e586200ec186a20ead4
data/raw/plastic/plastic197.jpg,plastic,4,data/raw/plastic/plastic197.jpg,2b8514ca220fb7845a3d00a99c9264aeb973ec292e43ee04adacda7d86436b45
data/raw/plastic/plastic198.jpg,plastic,4,data/raw/plastic/plastic198.jpg,fcf9e895001a17b7c76f70b6e9aa3e96628405f8aaa1c51fc7f318d305393aef
data/raw/plastic/plastic199.jpg,plastic,4,data/raw/plastic/plastic199.jpg,73ffbaac6d2f854aee7874a1b7bed2c11aaf7441464ec54f22ff01e84c07f2c1
data/raw/plastic/plastic2.jpg,plastic,4,data/raw/plastic/plastic2.jpg,86c49ad6ad1213ca8e78308201430378e8fb87b3ffe624993773e6828bf7e30a
data/raw/plastic/plastic200.jpg,plastic,4,data/raw/plastic/plastic200.jpg,a093b5e32fcc49641c4990cea1505286e2f9a2fc54526bf100ab2eb6a6728dfa
data/raw/plastic/plastic201.jpg,plastic,4,data/raw/plastic/plastic201.jpg,1e0b2094a10bec25a65f4c01b6f7f8ecd6da63825f27829d9631360f8ba3aeda
data/raw/plastic/plastic204.jpg,plastic,4,data/raw/plastic/plastic204.jpg,45728f9cf17d582f05318c2b21ffaee274242199fd26a96f5a53aba032a37bbd
data/raw/plastic/plastic205.jpg,plastic,4,data/raw/plastic/plastic205.jpg,9d98b9fdaeb4f7ab6877330e345e4e40be5f8086a558eb20480f75f2faeb6a41
data/raw/plastic/plastic206.jpg,plastic,4,data/raw/plastic/plastic206.jpg,7e8d8ca65e56e0eb598928c026907bd54109ac5533a6b8ce3771664c4212ea28
data/raw/plastic/plastic207.jpg,plastic,4,data/raw/plastic/plastic207.jpg,91d77a33f85b448aae6b334b477010f5e181c01615c6d41329432e13945381dd
data/raw/plastic/plastic208.jpg,plastic,4,data/raw/plastic/plastic208.jpg,7066e4ba418dc5633759f9648810860845dc918332edcd49d0a505e434a6855d
data/raw/plastic/plastic209.jpg,plastic,4,data/raw/plastic/plastic209.jpg,9d2cdabd68f4df9e76b989ff882f2fd0895a1b1d3633f01e479c52dc94db1161
data/raw/plastic/plastic210.jpg,plastic,4,data/raw/plastic/plastic210.jpg,566cd36e559ec9463bc6baf55745354735df28e16b31bf95fe57ece0f0110977
data/raw/plastic/plastic211.jpg,plastic,4,data/raw/plastic/plastic211.jpg,1f3bbd7da2c877ba9a65f9083d7ec14b211994001f10f8f01d2a081c8d604301
data/raw/plastic/plastic212.jpg,plastic,4,data/raw/plastic/plastic212.jpg,f1b4123293e14703463b22dd12f2ff8840ae59b2edccac42f02d8635cb5922fd
data/raw/plastic/plastic213.jpg,plastic,4,data/raw/plastic/plastic213.jpg,734c7013e660553d0be8bdd872b13ab814919dec7794011be9139f5fdf124f29
data/raw/plastic/plastic214.jpg,plastic,4,data/raw/plastic/plastic214.jpg,94ef473a8dde0a7eec8f1e2c6d9301da37a04757f8a000ce8a662e3565f25755
data/raw/plastic/plastic215.jpg,plastic,4,data/raw/plastic/plastic215.jpg,a3858f8eeb36befa8c708c87e52bdb7bc9bdd20b73a4375fe6a856ca23ce6262
data/raw/plastic/plastic216.jpg,plastic,4,data/raw/plastic/plastic216.jpg,353979eb66dcf41890687639974f69993de17321c0d38082341eb4af831df4fd
data/raw/plastic/plastic217.jpg,plastic,4,data/raw/plastic/plastic217.jpg,498e64723afe4e5e440dddb990f636a44f2b166b699fd882e502cece63e20c85
data/raw/plastic/plastic218.jpg,plastic,4,data/raw/plastic/plastic218.jpg,5bc9740ac63be97443d0facd37c49bb8909b5104b47ca6c4390745feb264d7f3
data/raw/plastic/plastic219.jpg,plastic,4,data/raw/plastic/plastic219.jpg,45ccd79331785e8cc08dc6f31a02f471c4bbf44300d562a553e8fb21b18c3857
data/raw/plastic/plastic22.jpg,plastic,4,data/raw/plastic/plastic22.jpg,1cd2a95dc91965a8d4ac5829aadf0b9db5d2457ff685a3d315b35b9b2ede8dce
data/raw/plastic/plastic220.jpg,plastic,4,data/raw/plastic/plastic220.jpg,65847ba689e296c21f23c69287e9f219e7cb2e5bccf7c999c489b7fdcbb148d6
data/raw/plastic/plastic221.jpg,plastic,4,data/raw/plastic/plastic221.jpg,9c49ed51f926d46ed4328411d99cbee9440a16f34314fd834dbd41439573852b
data/raw/plastic/plastic222.jpg,plastic,4,data/raw/plastic/plastic222.jpg,aae0d683f6e9b3272b7945a1f4f095e65919df7056d7d6756d174a407a68fc19
data/raw/plastic/plastic224.jpg,plastic,4,data/raw/plastic/plastic224.jpg,1bd51773840a0c85ba787d7a486edc9ccef32e782b31760c3d5324ac39042de8
data/raw/plastic/plastic225.jpg,plastic,4,data/raw/plastic/plastic225.jpg,41b6b1ba77e63f97ad6f3d74272bbf00addd0d15b2120e3a7187860de3d1dcaa
data/raw/plastic/plastic228.jpg,plastic,4,data/raw/plastic/plastic228.jpg,f229d34c2e2e38f70374aa21c05e1eb6827848b4530c8dbc109bf3310da79e79
data/raw/plastic/plastic229.jpg,plastic,4,data/raw/plastic/plastic229.jpg,ffb16cf4378081e2786a7bde7969da45ebc7d14c98bea4ba2fea6af4974cf123
data/raw/plastic/plastic23.jpg,plastic,4,data/raw/plastic/plastic23.jpg,6fcc879e28f160e32e2b5f8b4ee0e8ab3e57dec802cdfffd1afedf2ff98ef3fe
data/raw/plastic/plastic230.jpg,plastic,4,data/raw/plastic/plastic230.jpg,16c0e9985f713cc81522592dc1d0a6fcc18019f222792b6045cbdb5c3d9ceb46
data/raw/plastic/plastic234.jpg,plastic,4,data/raw/plastic/plastic234.jpg,962e67cb1d4a3c65cbf713af1ae58897c60f8d0117c7ee36ac04a567da6cf8f3
data/raw/plastic/plastic235.jpg,plastic,4,data/raw/plastic/plastic235.jpg,b4eab673b773e0025ec0cc31b13705325713a712050c17b2eae710519f92aff8
data/raw/plastic/plastic238.jpg,plastic,4,data/raw/plastic/plastic238.jpg,32883143e21cc8e56415a794b74d1e4770bb8f1a44710d17ab4b59b626221b79
data/raw/plastic/plastic239.jpg,plastic,4,data/raw/plastic/plastic239.jpg,f43fb84c64704b4ccd3117a763f018c3d1698e4dc4a50e6b362476fe14e93049
data/raw/plastic/plastic24.jpg,plastic,4,data/raw/plastic/plastic24.jpg,0bf1327c0f1a2d08994b88c56e332f4f36c3b8dac07c59c8965e85c7e9741a30
data/raw/plastic/plastic240.jpg,plastic,4,data/raw/plastic/plastic240.jpg,f427aeaf6fa2267aecca4f945dccddf0cb85d3a798b66aa1562870a897a705ff
data/raw/plastic/plastic241.jpg,plastic,4,data/raw/plastic/plastic241.jpg,6b69cad1ae109b030b4a1f2dd376de3fb4d9780d78b372c462abcc0db1e37e7e
data/raw/plastic/plastic242.jpg,plastic,4,data/raw/plastic/plastic242.jpg,3d1e36e5e4c1af663d0509513d856d7430c70915e52c20cb1b9f2e0979a2a2fe
data/raw/plastic/plastic244.jpg,plastic,4,data/raw/plastic/plastic244.jpg,6455853ec978543d38b1e012685b9fc5f9fa4b3405d3c309bd9c0ccd804726f9
data/raw/plastic/plastic245.jpg,plastic,4,data/raw/plastic/plastic245.jpg,d389cfc7a268ded1252e78efc1e7aa498dc63474907c935fcfd1767f273ea7a9
data/raw/plastic/plastic246.jpg,plastic,4,data/raw/plastic/plastic246.jpg,cecc06948d588377f99f12737cc59221531f74f3f2da80b8fcbb0524a0b1d507
data/raw/plastic/plastic247.jpg,plastic,4,data/raw/plastic/plastic247.jpg,4a52c4965541deef9a3c77cc7f21ba33917eea02e9c6b153f40960e17417e81f
data/raw/plastic/plastic248.jpg,plastic,4,data/raw/plastic/plastic248.jpg,5b801d74ea215a2da8893ad5359dff20ce6397f41c1b00726a357e935bb77d2a
data/raw/plastic/plastic25.jpg,plastic,4,data/raw/plastic/plastic25.jpg,85f8f176fd9b9abd4fc5291679deaecb6e09d45192b4a9832f8188c28a2f635b
data/raw/plastic/plastic250.jpg,plastic,4,data/raw/plastic/plastic250.jpg,786b48370cb3db55afd5a8b31ccda8f4593869106f1475e990444d426fc6e10c
data/raw/plastic/plastic252.jpg,plastic,4,data/raw/plastic/plastic252.jpg,61a89874be4f9fcdeeefec2c2f2a8eed113a96ada46b4c7dd54b7b81dc43ee09
data/raw/plastic/plastic253.jpg,plastic,4,data/raw/plastic/plastic253.jpg,63ac5e258be03cca86f2dd5012f4366a15c7b4dd794dba32afede551761ace5f
data/raw/plastic/plastic256.jpg,plastic,4,data/raw/plastic/plastic256.jpg,1bdb6cb2949721018b1a4cb80cfee4c0eea5965df935a5ff2a28603b946ed3ee
data/raw/plastic/plastic257.jpg,plastic,4,data/raw/plastic/plastic257.jpg,d7aadb2e515592b20886b8412cc70d0e6070e8c793623ea0da87cbe8451d565c
data/raw/plastic/plastic258.jpg,plastic,4,data/raw/plastic/plastic258.jpg,450d4d2935c87906b62afaea9d3cb7fac59bf764c6872b134761419c32240c75
data/raw/plastic/plastic259.jpg,plastic,4,data/raw/plastic/plastic259.jpg,f62bf0b618248826ba92dd8e1b5fc33cd929e6563d3d1613c08c4f4745481cf3
data/raw/plastic/plastic26.jpg,plastic,4,data/raw/plastic/plastic256.jpg,a3c1692d2a4591cccb1257cdb4a5ce72095d22328d65cc8e0b1fae27c81cece5
data/raw/plastic/plastic261.jpg,plastic,4,data/raw/plastic/plastic261.jpg,b7eb28e44872fad1b8fc3f39e0f2083d2f4295f74afdb706539b0d156400d713
data/raw/plastic/plastic265.jpg,plastic,4,data/raw/plastic/plastic265.jpg,9ce823c13128cdde96b3fea06608b3ce5c0991ccd45a5ac832e2464360169b1a
data/raw/plastic/plastic267.jpg,plastic,4,data/raw/plastic/plastic267.jpg,b1480abb8251b9e4f1227ad91b41d089ba58e3ed312be800958a27f57789751a
data/raw/plastic/plastic270.jpg,plastic,4,data/raw/plastic/plastic270.jpg,f3653cb5116826633f695145eb1a4af66156e0b27ece17a17304831fe06a5361
data/raw/plastic/plastic271.jpg,plastic,4,data/raw/plastic/plastic271.jpg,b21a383cdc95334871f941e2fab170ad41e57e62caa29d1bbd022b669ef424c7
data/raw/plastic/plastic272.jpg,plastic,4,data/raw/plastic/plastic272.jpg,6c0952547164bd6bc5bab5a971f84456c1bac30a983758cc51d5e141447f8bb6
data/raw/plastic/plastic275.jpg,plastic,4,data/raw/plastic/plastic275.jpg,c72733b6d16458678e0d6883eb3f694eb6eff960c51c2a4757d14c1188afa9c4
data/raw/plastic/plastic276.jpg,plastic,4,data/raw/plastic/plastic276.jpg,bfdfbc629a84967c1dbfdc3e90275279a2a2760f9053750c64a3307db605f4d8
data/raw/plastic/plastic277.jpg,plastic,4,data/raw/plastic/plastic277.jpg,b70669928144a5f5b6f2c5c6740c134a87b8e11079fd90289f22833280439271
data/raw/plastic/plastic278.jpg,plastic,4,data/raw/plastic/plastic278.jpg,f1b3e3bdc6089b2ed10b06a22187bd5ccff3b552f8489c5d401e1853965ffa9f
data/raw/plastic/plastic281.jpg,plastic,4,data/raw/plastic/plastic281.jpg,02ac4f6ea8c3bb88022ae62c041f10aba417a89b9bff40882d5b906267b2132d
data/raw/plastic/plastic282.jpg,plastic,4,data/raw/plastic/plastic282.jpg,0fd8314480e6b635f86ca6d27360b5bf5eb7a1a211b7216bfc5271164baf1801
data/raw/plastic/plastic283.jpg,plastic,4,data/raw/plastic/plastic283.jpg,b9154db665ebc5955e2999b6b54c2702f7b895cf89705cbc9f4d284796fd5f1b
data/raw/plastic/plastic284.jpg,plastic,4,data/raw/plastic/plastic284.jpg,26712c0ba852ba181bd2c50e93cbee2e380c13dbcdd03e69b2f8dfd7eb77501e
data/raw/plastic/plastic285.jpg,plastic,4,data/raw/plastic/plastic285.jpg,e21f74112fbce5b9eecee6cfe77ed24f361ac7a4daeb237719c6c02cb8310506
data/raw/plastic/plastic287.jpg,plastic,4,data/raw/plastic/plastic287.jpg,894adaed8f5888ccec198d9084553d1b1218e0f05bed3a5e8aa6918f0faece36
data/raw/plastic/plastic288.jpg,plastic,4,data/raw/plastic/plastic288.jpg,f720a1bbf957bf13d09e6fe343196d5dd9caea9c935e4352fd1efafc89a9eef0
data/raw/plastic/plastic29.jpg,plastic,4,data/raw/plastic/plastic29.jpg,6fc1a126cf07a445ff88c78e3f457f479d7c04d26536b71f0262756623c67176
data/raw/plastic/plastic290.jpg,plastic,4,data/raw/plastic/plastic290.jpg,819a168f2adf861ecff0176d9474882af0f4018f1e20541fe652665427eb3cc3
data/raw/plastic/plastic291.jpg,plastic,4,data/raw/plastic/plastic291.jpg,a5bcb37d1c6739e03fb16ef5f2b73c732cd3a5ce8d15ccd96891f0870a90f917
data/raw/plastic/plastic292.jpg,plastic,4,data/raw/plastic/plastic292.jpg,1fe34344d11d325abae025ab4ac0cf6d7322b4cd54ce846b3d725eeea6f4c965
data/raw/plastic/plastic296.jpg,plastic,4,data/raw/plastic/plastic296.jpg,b351129a596213f3b020cb63230fa6e0698e9fe20f9b8bb9d023f4ecf3aa436c
data/raw/plastic/plastic30.jpg,plastic,4,data/raw/plastic/plastic30.jpg,7e6eefeb3e84ec480aa1a40b923e48105fc5208e04423e47652b4a41b584dcf5
data/raw/plastic/plastic300.jpg,plastic,4,data/raw/plastic/plastic300.jpg,b3b078bd4f10cc51f22f60357c7210be7c4dd6e151ac8202a1db9c6a3a52f990
data/raw/plastic/plastic301.jpg,plastic,4,data/raw/plastic/plastic301.jpg,163c1534d5cb13b304af123c5961f60ac3dd1773148675e96fdb7e468c155c9a
data/raw/plastic/plastic304.jpg,plastic,4,data/raw/plastic/plastic304.jpg,7f728b9e10baef5d4ff0661f2c51939ec71f8b03a792ecc092720dbc30e4d4c8
data/raw/plastic/plastic305.jpg,plastic,4,data/raw/plastic/plastic305.jpg,3fb602d0fe1022300e1c63168f0f24a5c504ef3d3d026e93d8424d458c86ef9f
data/raw/plastic/plastic309.jpg,plastic,4,data/raw/plastic/plastic309.jpg,0a443cac418bc3985c61276257e424f64b630492a54dcdb79658199339143c7c
data/raw/plastic/plastic31.jpg,plastic,4,data/raw/plastic/plastic31.jpg,8cc18cc0c6709b6a34594dd1b6b44118ee52d5a5ac38fd2eb8a14b4235bcf5f2
data/raw/plastic/plastic310.jpg,plastic,4,data/raw/plastic/plastic310.jpg,178bcccdc927df8f61789569ea50814d110b0443355ecbb4227e4ae6452293d9
data/raw/plastic/plastic311.jpg,plastic,4,data/raw/plastic/plastic311.jpg,209d2d10773d74e2c829d4bac3b4e3d592c486baf852f332b8435fb9fd6f7987
data/raw/plastic/plastic313.jpg,plastic,4,data/raw/plastic/plastic313.jpg,4a3ee8bb2e7a98d662172e9039daf4e4c7b231746aa619e7c150ad40dd24fe97
data/raw/plastic/plastic314.jpg,plastic,4,data/raw/plastic/plastic314.jpg,694e49b212ea8b4c1f4cad6ea8758c3a5b7aae9b54bb2da120ddbad3ca146d9e
data/raw/plastic/plastic315.jpg,plastic,4,data/raw/plastic/plastic315.jpg,c0427850434fbd1daaec76e205ec253dfcefe277e12c0d707018ebbe58621cc5
data/raw/plastic/plastic316.jpg,plastic,4,data/raw/plastic/plastic316.jpg,49318dd9db948da708c19047298d85870d0e764ca7d98be8e957d308b5781240
data/raw/plastic/plastic317.jpg,plastic,4,data/raw/plastic/plastic317.jpg,eb326e1c218874929d693edd6d3555f34ae18a287253edcda9a89b3c04267b7c
data/raw/plastic/plastic318.jpg,plastic,4,data/raw/plastic/plastic318.jpg,67d1ac306a493d7d032f66089a2f544ae6908a2a1c6343dcf798927059cd55b8
data/raw/plastic/plastic319.jpg,plastic,4,data/raw/plastic/plastic319.jpg,bf75d7442a831a48b49342223e304c1507ee3108262b23ad8acff182ca040d28
data/raw/plastic/plastic320.jpg,plastic,4,data/raw/plastic/plastic320.jpg,d0c8c6c75bcdd5dd0b50d012c0c4cd15ccb78dcb1efcea8f5fa7409948743956
data/raw/plastic/plastic321.jpg,plastic,4,data/raw/plastic/plastic321.jpg,a9542ee2eebdc4ce1cdc23b1e7561766a2000e352804f7c38e98067e23e4137b
data/raw/plastic/plastic323.jpg,plastic,4,data/raw/plastic/plastic323.jpg,e72709b0eeda0472fde0e10a685a95f678cc7d77df2290bab25a0a85e50f4c5c
data/raw/plastic/plastic324.jpg,plastic,4,data/raw/plastic/plastic324.jpg,3b9ffe4f163e4626818b0ac88b0beee5cd018c2456b7c00eb46cbf05052be268
data/raw/plastic/plastic325.jpg,plastic,4,data/raw/plastic/plastic325.jpg,74a0b1c162d1f631f57a2470976f21de0b5ca218a709a40baa9f6f49c18308a5
data/raw/plastic/plastic326.jpg,plastic,4,data/raw/plastic/plastic326.jpg,8674e04ee46792c5cc1c5148b070495a749f189d0495f18d9f8b29df428decdc
data/raw/plastic/plastic327.jpg,plastic,4,data/raw/plastic/plastic327.jpg,0e9dc24bca2711e36948b1f1192007c7331f3502544d561d7e8123c05034e8b6
data/raw/plastic/plastic328.jpg,plastic,4,data/raw/plastic/plastic328.jpg,6b09eee0722c2a8e562bae5c657e1db64bad8e90040d599a26480268a125fde6
data/raw/plastic/plastic329.jpg,plastic,4,data/raw/plastic/plastic329.jpg,c78e40757bf8d6728c124ec34644563102b677ded29be69b36a19ff44dcbd195
data/raw/plastic/plastic33.jpg,plastic,4,data/raw/plastic/plastic33.jpg,b9029bdb19393882842447353ec70da302db5091c9435f3d38beade842c7c081
data/raw/plastic/plastic333.jpg,plastic,4,data/raw/plastic/plastic333.jpg,98b134058e7bb87f09fdfdee20471a8c528ce0c41c0aa32f0f71f38c327112ae
data/raw/plastic/plastic335.jpg,plastic,4,data/raw/plastic/plastic335.jpg,3a8fdcb0c7b95bc9474fa8302f77da9eeb113aeb3bc3a1dbcd6f84d07161e748
data/raw/plastic/plastic337.jpg,plastic,4,data/raw/plastic/plastic337.jpg,e183b64119a1e635954791638d293a362a9116328aaf78ad071b26b616acbd33
data/raw/plastic/plastic338.jpg,plastic,4,data/raw/plastic/plastic338.jpg,7dc8ec4eef571b4482371569df63a0f8f7ed8f22e38b99eb4a2043ab55d93615
data/raw/plastic/plastic340.jpg,plastic,4,data/raw/plastic/plastic340.jpg,4737f744e32e648dc1711e84cb56d9f453afe9d9ee271f82fdfeaf4b752d48d7
data/raw/plastic/plastic342.jpg,plastic,4,data/raw/plastic/plastic342.jpg,97b9567d28f5583726ae3a988323c96d44206fbe76fa778ea09faaf8790246fd
data/raw/plastic/plastic343.jpg,plastic,4,data/raw/plastic/plastic343.jpg,b210e88fda29ae9f02d7497eb3f7dd9d7dbc22e0acbc93226a020f17930b34a9
data/raw/plastic/plastic344.jpg,plastic,4,data/raw/plastic/plastic344.jpg,c2091ae7792ef6d98469bda46f513839d0f45da5b9681e78bf74cd2808e46a2d
data/raw/plastic/plastic345.jpg,plastic,4,data/raw/plastic/plastic345.jpg,0b529f3d5ce73e58b4168a271e5e29bb66ade9eb0ddd9616b55ed7e3068a9104
data/raw/plastic/plastic346.jpg,plastic,4,data/raw/plastic/plastic346.jpg,008d570e2620f929bad28e8b1a5dfe5eb4abb861c02598f9f98349aae2289692
data/raw/plastic/plastic347.jpg,plastic,4,data/raw/plastic/plastic347.jpg,78c3fc7dc09f3f083ffe752df9e02bd4a0fb6540dd56bf02d4c3718df6ed4165
data/raw/plastic/plastic348.jpg,plastic,4,data/raw/plastic/plastic348.jpg,7a6dfb86c6b5d8c45e298989408e85cc3c4c3c872fecdd086ea87a41629d1764
data/raw/plastic/plastic349.jpg,plastic,4,data/raw/plastic/plastic349.jpg,de5931a4efb3532c996b49ae1e803a116f6dfaf0dd5f16c126d3dc97877cf1b8
data/raw/plastic/plastic350.jpg,plastic,4,data/raw/plastic/plastic350.jpg,a6aacb0d7b62bb26619618f2a15c88260dee68801abf72987c22e21f7cb87a85
data/raw/plastic/plastic351.jpg,plastic,4,data/raw/plastic/plastic351.jpg,fef4ba5b6207bb0c31a53b9906e7fea2f4906a59c9bce90953f0d8ea1555a77b
data/raw/plastic/plastic352.jpg,plastic,4,data/raw/plastic/plastic352.jpg,19908813035b3c9616d2c5e2a0770b0609c643964158f976106483bea9db6153
data/raw/plastic/plastic355.jpg,plastic,4,data/raw/plastic/plastic355.jpg,862a45ce202043c3f295f63bba732b6ca4515fe0601010ad73d971333c9dc69e
data/raw/plastic/plastic356.jpg,plastic,4,data/raw/plastic/plastic356.jpg,8b3af4c5f1c1533d5534ac5fcb1577ba1eb84fef699a3a82028606b4043caab7
data/raw/plastic/plastic357.jpg,plastic,4,data/raw/plastic/plastic357.jpg,33e291289b32fe975a1576aa28fdebcb24f94b5b28657ab1ac268adae14328bc
data/raw/plastic/plastic359.jpg,plastic,4,data/raw/plastic/plastic359.jpg,b81cf3e51be8f35c3f25e99a0a68dcd7176910be32d8306b812fa90e560d733c
data/raw/plastic/plastic36.jpg,plastic,4,data/raw/plastic/plastic36.jpg,45b4e36df6c6750a9d602c296afec5c54d044d0b045352030e2c72a2198890ca
data/raw/plastic/plastic360.jpg,plastic,4,data/raw/plastic/plastic360.jpg,94e4eba94173cce4e19c4356549d317d6d4f9d79c144436c7f26ade6b490270d
data/raw/plastic/plastic361.jpg,plastic,4,data/raw/plastic/plastic361.jpg,92fcf5269f1c4952f567dd3d34279842fdc7d85c4f9e117b76c40cfb3e6d470b
data/raw/plastic/plastic362.jpg,plastic,4,data/raw/plastic/plastic362.jpg,1765bc4ce8ac204b9831d5f5f3ca23354ceaf6d5c438362745775448424515bd
data/raw/plastic/plastic363.jpg,plastic,4,data/raw/plastic/plastic363.jpg,406d94f0202c91a7396337fffc1ab626151fccb951aa4ccc3b221ef87a1ea6ae
data/raw/plastic/plastic365.jpg,plastic,4,data/raw/plastic/plastic365.jpg,3062dd65794d177b88ba6dabe3948a1256a890eccdbdab7dac29e47d97748ba5
data/raw/plastic/plastic366.jpg,plastic,4,data/raw/plastic/plastic366.jpg,1ceda9efb08fa9866fef408b343eb382b613bc08106c2dbfb774ac27b72f045f
data/raw/plastic/plastic367.jpg,plastic,4,data/raw/plastic/plastic367.jpg,50d02a73cce4116b4c1853a25ac9b1dc913d41c37e219ead22b58d25e32b7157
data/raw/plastic/plastic369.jpg,plastic,4,data/raw/plastic/plastic369.jpg,8ff7330e4e431765516fe7dfb63f4d8a3ca7415f60409b0fad832502a8aa1de7
data/raw/plastic/plastic37.jpg,plastic,4,data/raw/plastic/plastic37.jpg,0a31fee31053146410b99eb9734305556d5cc7b83c0c3c88931353d3753ba4ff
data/raw/plastic/plastic370.jpg,plastic,4,data/raw/plastic/plastic370.jpg,f12898504b448ad7c3134742b61d69297dde32f9b4b037d5a60dbe1c429ddafc
data/raw/plastic/plastic371.jpg,plastic,4,data/raw/plastic/plastic371.jpg,655525f72b7162d1497b9b94662372c457757b55b64519d965402d8fc5008d40
data/raw/plastic/plastic372.jpg,plastic,4,data/raw/plastic/plastic372.jpg,31b4750d5072f1c4e7ae5b66a3fecb0f94f9439307627952e810b3764fd40ef5
data/raw/plastic/plastic373.jpg,plastic,4,data/raw/plastic/plastic373.jpg,24c0388ee64be0310fc3b57fdf0fcc894e3e56c4fec1675e00ffc91caa919ade
data/raw/plastic/plastic374.jpg,plastic,4,data/raw/plastic/plastic374.jpg,f0a5bc491963e626629fc5b428636a27c96610c0cfd4fc748c6f5932436aa22f
data/raw/plastic/plastic375.jpg,plastic,4,data/raw/plastic/plastic375.jpg,4d5b1e98e440dbe08718f2ace68ea989d9a8214c96948047dacb6ea17d55e200
data/raw/plastic/plastic376.jpg,plastic,4,data/raw/plastic/plastic376.jpg,0d1045d59f049c16a905ecdb1f2e35dccf3c631313c6ade6301b211fcd064191
data/raw/plastic/plastic377.jpg,plastic,4,data/raw/plastic/plastic377.jpg,3cdfa94c9893bf571a8e46fdb728f1f6ea7da1a222c6f6573eb59981631d3d1d
data/raw/plastic/plastic378.jpg,plastic,4,data/raw/plastic/plastic378.jpg,324ebee870f39532e3e6b6e6dac3ae826d0f02e85b37acefec52ea8121bdf521
data/raw/plastic/plastic379.jpg,plastic,4,data/raw/plastic/plastic379.jpg,6ee988c39df74a3d4bae4662d28ef523daf7e2ca4b0c0b2fc550cb3336fd72a1
data/raw/plastic/plastic38.jpg,plastic,4,data/raw/plastic/plastic38.jpg,529699e12215ceff38270314eb2de1c8f1c52fb7513cae7c5576f70da13a5f50
data/raw/plastic/plastic380.jpg,plastic,4,data/raw/plastic/plastic380.jpg,f96ebe860f17249cdb53bcc1c236f681a7536b484c7a11c6bfdce9788e0076a7
data/raw/plastic/plastic381.jpg,plastic,4,data/raw/plastic/plastic381.jpg,f1f9cd73bbc752919386f1940734c2cbc64335e34ec93e507ec716d7144f9bdf
data/raw/plastic/plastic382.jpg,plastic,4,data/raw/plastic/plastic382.jpg,5024ba701a30817bb3f296f857b4b0fa31ef0ed76637553c03b3c0c5ba242516
data/raw/plastic/plastic384.jpg,plastic,4,data/raw/plastic/plastic384.jpg,debbf86c08871d40d9c094bc8e8392d7698db6f0ad31170785f722ba140c5a4f
data/raw/plastic/plastic385.jpg,plastic,4,data/raw/plastic/plastic385.jpg,73f8991def6deadb06c5f31a9b69dd33dcc9d041ef6fec48aa8a2ee06134b31b
data/raw/plastic/plastic386.jpg,plastic,4,data/raw/plastic/plastic386.jpg,054a9303cef789e03f84b8ec018cece84beb906a64c6aaba75c15e1c4d4d1027
data/raw/plastic/plastic388.jpg,plastic,4,data/raw/plastic/plastic388.jpg,3cea91cd461f29869fb632d8e6e4ee625dcc6dcdaf4d2a3e5c457c70a0ed7bd9
data/raw/plastic/plastic389.jpg,plastic,4,data/raw/plastic/plastic389.jpg,637404061a17a1ff0810d035f4473243b7351344915cd3d9e1c713a76401da8e
data/raw/plastic/plastic390.jpg,plastic,4,data/raw/plastic/plastic390.jpg,74eed91f34db1284b8e69bd6c54dd37c97722f961493d3e7ae45725a8119033d
data/raw/plastic/plastic391.jpg,plastic,4,data/raw/plastic/plastic391.jpg,b60c1808e1fdae7723c3bc4239b793ee77dc6bbd7c591e79fe98c72ce2fb1d2b
data/raw/plastic/plastic393.jpg,plastic,4,data/raw/plastic/plastic393.jpg,808a490dc41a1f9d3ddde4e354c894d76e346402f6da7809fb4ba02622ffe823
data/raw/plastic/plastic394.jpg,plastic,4,data/raw/plastic/plastic394.jpg,86404f9ce0592b4dbc0c53ea0354c85114bf9e0fc640719b31400273ed929db8
data/raw/plastic/plastic395.jpg,plastic,4,data/raw/plastic/plastic395.jpg,9dc18c5008b827fe714659b0240a6ce2984d9a55d8eb5b5c7073b438347a649f
data/raw/plastic/plastic396.jpg,plastic,4,data/raw/plastic/plastic396.jpg,be971871f668041aeeb2e22bae3667b7196148dd193aea8ace51063d52a762e3
data/raw/plastic/plastic397.jpg,plastic,4,data/raw/plastic/plastic397.jpg,9e666abeff19f37ba945ce8c6cd5496a2043747257d8d0d2cc245205f57aae0d
data/raw/plastic/plastic399.jpg,plastic,4,data/raw/plastic/plastic399.jpg,301e771d2ea138815666f1f0345f7ebb7fc92f8fe15e865ca6d93e81cba14f79
data/raw/plastic/plastic40.jpg,plastic,4,data/raw/plastic/plastic40.jpg,d39aaa99980604a54b7b6fc5173a36dd8138b8dde3f3e4bae486a1ed78e78437
data/raw/plastic/plastic400.jpg,plastic,4,data/raw/plastic/plastic400.jpg,f7f52c4cc48d6c1bd6fff276931160f61ec7ea82cfea05e6a3c44851259d227f
data/raw/plastic/plastic402.jpg,plastic,4,data/raw/plastic/plastic402.jpg,49f9e8353c3d0018012c84d9611c662d906e7f452f5a97b8b754b750a88b9b8b
data/raw/plastic/plastic404.jpg,plastic,4,data/raw/plastic/plastic404.jpg,3805dc91d17d98623af7b5c2d018b85944d42796b4fa9395323177d86119225b
data/raw/plastic/plastic405.jpg,plastic,4,data/raw/plastic/plastic405.jpg,d61be560ee231eac62e7dc581fc44160644ba269c08cd9fa6eea7d9e68a9162d
data/raw/plastic/plastic406.jpg,plastic,4,data/raw/plastic/plastic406.jpg,a757686547b448c242c69d29e0d275202d88c38f90da022f0b9be25e86b87542
data/raw/plastic/plastic407.jpg,plastic,4,data/raw/plastic/plastic407.jpg,b6a9fda657482c6f5856763f01b936ca55012f0be1c9289c0c8b4a9dbc75a831
data/raw/plastic/plastic409.jpg,plastic,4,data/raw/plastic/plastic409.jpg,9905ac528c1d56a26daad93005656a8cf6a3da6194e690b92cf4c926930b584b
data/raw/plastic/plastic41.jpg,plastic,4,data/raw/plastic/plastic41.jpg,b199b2ad9a3bc7a28ba3c55662a0e4c4695984c5c6aa795826733c9ecb093479
data/raw/plastic/plastic411.jpg,plastic,4,data/raw/plastic/plastic411.jpg,90f72638e98c7d98446b1ddc98c0826e55d7b87714b9395e39d36141da2a2e4a
data/raw/plastic/plastic412.jpg,plastic,4,data/raw/plastic/plastic412.jpg,90dee1473fe6eef923e1311438bff2a867777f7641ee6c524dd26fa8bad0b9c2
data/raw/plastic/plastic413.jpg,plastic,4,data/raw/plastic/plastic413.jpg,5ecdce1f0c64e1e0c6dd90d2097eb24685e743369a48e02a787d0d8f4d7dee65
data/raw/plastic/plastic414.jpg,plastic,4,data/raw/plastic/plastic414.jpg,4647225f2142d3d40c46ab71c47b062b2db1037d8a2c6041a4a4bc1f9ed29e97
data/raw/plastic/plastic415.jpg,plastic,4,data/raw/plastic/plastic415.jpg,9d23bfff7520b2fb001c5db9591cd851cf52bfa68147c3fa3bc004da3e58ff05
data/raw/plastic/plastic416.jpg,plastic,4,data/raw/plastic/plastic416.jpg,7c52ee325e51d0ba1753f86433a256f86cd6efed044ef6777a1bde1ef40cf13b
data/raw/plastic/plastic420.jpg,plastic,4,data/raw/plastic/plastic420.jpg,094c6c3a65cbea6b2a26f25e763b073b57a90786a13eeb010b5d139426a90a5f
data/raw/plastic/plastic421.jpg,plastic,4,data/raw/plastic/plastic421.jpg,9c02154ed8b1a372dc29f2defba0da9949afecce1d8d5c4914872506596ca73f
data/raw/plastic/plastic422.jpg,plastic,4,data/raw/plastic/plastic422.jpg,023c1c633cd1d69cac64abb54d1d300f51fe2c208770db4732584e35382591c5
data/raw/plastic/plastic424.jpg,plastic,4,data/raw/plastic/plastic424.jpg,3f3832c7c25c9b7f8fddaf2ade395408e7881c9624ede81e0ac7c02899a6e7e4
data/raw/plastic/plastic425.jpg,plastic,4,data/raw/plastic/plastic425.jpg,b8d900537f30dd1b82bcf6978a4c3a96a6c9e527d8b50844c2c13dccac6f0252
data/raw/plastic/plastic426.jpg,plastic,4,data/raw/plastic/plastic426.jpg,ca3db4385012f56b510d13abc9b9871b5410af4dd09ad3535fdf6af638a24eae
data/raw/plastic/plastic427.jpg,plastic,4,data/raw/plastic/plastic427.jpg,6d578a80836ec004a1ac149895e8689f33edeb9b8e8ee48ed5cedf000c7b7cac
data/raw/plastic/plastic43.jpg,plastic,4,data/raw/plastic/plastic43.jpg,aebc35a0a781aaac200e8407a93a7ba9a532ed6a9f2198d47241471cc69f5e8c
data/raw/plastic/plastic430.jpg,plastic,4,data/raw/plastic/plastic430.jpg,1c639ba85cffc1704c6661df756984b81d362366b6190e42966b39018e2d4f61
data/raw/plastic/plastic431.jpg,plastic,4,data/raw/plastic/plastic431.jpg,69b2cf41bcf89812d49459a7c849277c1678fbde22cb63fd6981ee7819739f4a
data/raw/plastic/plastic432.jpg,plastic,4,data/raw/plastic/plastic432.jpg,ba6a9b30bd8d3701ac084706995bb3f68a3e56dffacfc0b4d667ef2690512624
data/raw/plastic/plastic434.jpg,plastic,4,data/raw/plastic/plastic434.jpg,a84ac2040a83ac6ddd90622dbd63a0109896421b5819d2f5c8aee72efa8d5f35
data/raw/plastic/plastic435.jpg,plastic,4,data/raw/plastic/plastic435.jpg,edbe3956999482b4ab2ebe1a75e0fff214cf86c7d96c205c95286fd3551c30f7
data/raw/plastic/plastic436.jpg,plastic,4,data/raw/plastic/plastic436.jpg,68fbcf0479ca09e2660ac723cbca1abb608c67e1f6906d97c1e9d767b05f6e83
data/raw/plastic/plastic437.jpg,plastic,4,data/raw/plastic/plastic437.jpg,dc77cc81de1f518e90b34190ca84aba0c5b91bf020316c34b95fcae257d9c13c
data/raw/plastic/plastic439.jpg,plastic,4,data/raw/plastic/plastic439.jpg,c48d62e02bfa1a932b0aa50ac1723bbe3be1c8d54bffb54f66fa52c0eeb59c57
data/raw/plastic/plastic44.jpg,plastic,4,data/raw/plastic/plastic44.jpg,1a04ee128c41326e7c3a9dc1e10503a50bcfc852f7e40cf91a7079c0aac1c8d3
data/raw/plastic/plastic441.jpg,plastic,4,data/raw/plastic/plastic441.jpg,5e622980e96ce47efffcf38ee8bffde7c22704c7d57e29daeb4b3c46b9367800
data/raw/plastic/plastic442.jpg,plastic,4,data/raw/plastic/plastic442.jpg,8c314191a4963a276888030e5aec28d77cf8c0f4a0e964deef0ade385cec3838
data/raw/plastic/plastic443.jpg,plastic,4,data/raw/plastic/plastic443.jpg,5d8785fed5c72e1f73cea76868af04579ca37cf07fcc8a0751af6a765dc59981
data/raw/plastic/plastic444.jpg,plastic,4,data/raw/plastic/plastic444.jpg,eb26ee5deabe9abda304cb63b1f25fbe02e80216df1101eba6745cd1a68b5898
data/raw/plastic/plastic445.jpg,plastic,4,data/raw/plastic/plastic445.jpg,06f511f3f263c68b88df3da413392322c6615510bcc0844abf7e47fb822e94a5
data/raw/plastic/plastic446.jpg,plastic,4,data/raw/plastic/plastic446.jpg,c09b1e4917f0c62337dcdb3172cd2ccecd640800c85aaf8ae859033bcba3a31d
data/raw/plastic/plastic447.jpg,plastic,4,data/raw/plastic/plastic447.jpg,035d22330d0d075cc9f336a640224688346994d7f0f9e7512216aca90d1fc505
data/raw/plastic/plastic448.jpg,plastic,4,data/raw/plastic/plastic448.jpg,a867799ac13e0eae93513015aa973f5f998e9bcc1a03eedd5958e171a5e56070
data/raw/plastic/plastic449.jpg,plastic,4,data/raw/plastic/plastic449.jpg,4ba7058fcc1444dc94f82e25128589680b396dc894b430efef85f61f95ce5dcc
data/raw/plastic/plastic45.jpg,plastic,4,data/raw/plastic/plastic45.jpg,67141e8f523c921cb5bca25ddd2e9aa3c27d7ab976c00855b22695aeafe942ca
data/raw/plastic/plastic453.jpg,plastic,4,data/raw/plastic/plastic453.jpg,f010ceac35917da54f016e4749e93a6b10a9154e2a32e508ce73773804cea627
data/raw/plastic/plastic454.jpg,plastic,4,data/raw/plastic/plastic454.jpg,eccd69b3909c969780ede2ca1603b3fb72bbbbdb91e54a78eee2c400f3acc495
data/raw/plastic/plastic455.jpg,plastic,4,data/raw/plastic/plastic455.jpg,b21d41aaed31fa3ba75330f2181288de824cc71bbda01b29b3a35e0c5875ca24
data/raw/plastic/plastic456.jpg,plastic,4,data/raw/plastic/plastic456.jpg,7d382483030ffd24d7cf9aa827d196604b4309f72d375ceb6eb0672c9869580a
data/raw/plastic/plastic457.jpg,plastic,4,data/raw/plastic/plastic457.jpg,51b55be03f382e445f0c8f3ea06136b3dcd569d08d46439aa4948f81907505bf
data/raw/plastic/plastic459.jpg,plastic,4,data/raw/plastic/plastic459.jpg,9dd81632241ccdb51b0c6cbf90a20577af604173ebc3a5454510aca49540ffc4
data/raw/plastic/plastic460.jpg,plastic,4,data/raw/plastic/plastic460.jpg,fd45ce02659295390cc072ce7d354051883665f75f8cd239849eb75e95c77582
data/raw/plastic/plastic462.jpg,plastic,4,data/raw/plastic/plastic462.jpg,d6f6a0c3089a770f97cfc4349c17a2d689daef2547084c66525d81eb342e4cac
data/raw/plastic/plastic463.jpg,plastic,4,data/raw/plastic/plastic463.jpg,0bac49f6aa2001bde9dce18c6fdbed4eb5762f89202a5745ad2223c638ebd30a
data/raw/plastic/plastic464.jpg,plastic,4,data/raw/plastic/plastic464.jpg,04765f074dd08bdae1387eac7aad0ea5b047071a2a4ee4ca494b4f868471029e
data/raw/plastic/plastic465.jpg,plastic,4,data/raw/plastic/plastic465.jpg,de61b40d77ae95cde7cf7700f79383477984a3892a8146ddc44ad13a77c15f06
data/raw/plastic/plastic467.jpg,plastic,4,data/raw/plastic/plastic467.jpg,0a2a53f134050e58c85c7d6899103ec006d8caa7a33d3d2dc3aef44e955b179d
data/raw/plastic/plastic468.jpg,plastic,4,data/raw/plastic/plastic468.jpg,dfbb47b3303be9c6c18129d220eebe8e378680d184eeedbecab7c3dcd218e429
data/raw/plastic/plastic469.jpg,plastic,4,data/raw/plastic/plastic469.jpg,76fc3fd75a739f4549b06baa1a6ca5785eada05568768d051d5683a1e73c3cfb
data/raw/plastic/plastic47.jpg,plastic,4,data/raw/plastic/plastic47.jpg,8cfc88156e367be7e00baebc32cc97607794f2fb94892aff8beb28878c4d93c1
data/raw/plastic/plastic470.jpg,plastic,4,data/raw/plastic/plastic470.jpg,9fc537c06129c55815ffad37149a24f8c7c5e914f270ef40a44838f65d7f7da9
data/raw/plastic/plastic471.jpg,plastic,4,data/raw/plastic/plastic471.jpg,1fa506d340c028a17fa2b600b7d3d0d3285e47ebc57aa5788ce9b55d648939bb
data/raw/plastic/plastic473.jpg,plastic,4,data/raw/plastic/plastic473.jpg,55210883fc994028c402fe62582610b48f99f8a1ef4929677eb2e9ef46db8cbf
data/raw/plastic/plastic474.jpg,plastic,4,data/raw/plastic/plastic474.jpg,4dd995989aa9414b21b21cdb5effa88bd361d3a549d93e8fd460a4ff652897f0
data/raw/plastic/plastic475.jpg,plastic,4,data/raw/plastic/plastic475.jpg,00827843e2717008273bcc743c442864e5c9dcd150ac6158efd4952125ac1fb6
data/raw/plastic/plastic476.jpg,plastic,4,data/raw/plastic/plastic476.jpg,ef8121e224597da0607432cfbbfaab33b38a69a02d555aef5710737f7857b660
data/raw/plastic/plastic479.jpg,plastic,4,data/raw/plastic/plastic479.jpg,33e4e2e3eb43881488a6c6390e0d02a38d35c1a1851a5a04471fa8b08c21727b
data/raw/plastic/plastic481.jpg,plastic,4,data/raw/plastic/plastic481.jpg,abbccf8c17594905bb7d3234f7e83b0df4783cfb97595da6c3cddbf0021ea646
data/raw/plastic/plastic482.jpg,plastic,4,data/raw/plastic/plastic482.jpg,d7c14e5747561134b2a4a1ffcb404f87eba78be9d0866c183962bd6fa48f0373
data/raw/plastic/plastic49.jpg,plastic,4,data/raw/plastic/plastic49.jpg,42961ff5bb972e412575a53d3d24459a04e4ab47cbf18961d3cdbc70d49ca404
data/raw/plastic/plastic5.jpg,plastic,4,data/raw/plastic/plastic5.jpg,d85046400205055ef166783630adfb2df8399a67a8e8039cb203a1cd14e4b886
data/raw/plastic/plastic53.jpg,plastic,4,data/raw/plastic/plastic53.jpg,1fdbdc9e1f510230b101766576439b374929864f1fe6e9a2d146205e73eb724d
data/raw/plastic/plastic54.jpg,plastic,4,data/raw/plastic/plastic54.jpg,75beda52e2fdd625ca9ddf6bc2aaf2fcfce906172f0c3e857dc5b05fdada092e
data/raw/plastic/plastic58.jpg,plastic,4,data/raw/plastic/plastic58.jpg,b1799161a0dd174a06a9db28aa24d4f16deab2323fefdab2ced227ebe0349024
data/raw/plastic/plastic59.jpg,plastic,4,data/raw/plastic/plastic59.jpg,ed2c9543b506a7119be6552ea9c24865d52180d43cd86169e7d895464d846563
data/raw/plastic/plastic6.jpg,plastic,4,data/raw/plastic/plastic6.jpg,7e619fbd55c4a04a748d52ab82f2464967e0cc2b424f4e36d5f54c6e9bcd5be7
data/raw/plastic/plastic60.jpg,plastic,4,data/raw/plastic/plastic60.jpg,8fc6634d40c03c2bbf645c53885117de9ba8d99982f90819512a7281f203515f
data/raw/plastic/plastic61.jpg,plastic,4,data/raw/plastic/plastic61.jpg,6c3efdb40a993a64e1d2c3eab03dd634101cf8ba124d65b092537ff0116626ab
data/raw/plastic/plastic62.jpg,plastic,4,data/raw/plastic/plastic62.jpg,89727a52b4a17ae1508d41186ed38d03df84d0cf3b4ba2813cea9507d55e36e5
data/raw/plastic/plastic63.jpg,plastic,4,data/raw/plastic/plastic63.jpg,16518e0987964ac97caa28fe32fe0f0908e7c33db070418126d5cc9c05f0e22d
data/raw/plastic/plastic64.jpg,plastic,4,data/raw/plastic/plastic64.jpg,daaba9da8e9b2d76aae5c21030392f8069bd053c9993b2b227f6df5ded49e03a
data/raw/plastic/plastic65.jpg,plastic,4,data/raw/plastic/plastic65.jpg,00fda87186fdaf0484e7e3e3c5a56a22556c6c12c1d042c65d19821cfa460bc2
data/raw/plastic/plastic66.jpg,plastic,4,data/raw/plastic/plastic66.jpg,193a15fa9c0f2b9385bd569c056122ae9c27c6f2784bd5efbb50d1dd6c1026d1
data/raw/plastic/plastic67.jpg,plastic,4,data/raw/plastic/plastic67.jpg,bac537b6725eceb69e3aa20ed650cb9540aff2543e83e9df4214394c008f48c3
data/raw/plastic/plastic68.jpg,plastic,4,data/raw/plastic/plastic68.jpg,0a5f58a0cf30bc2e81f6b5b9305db468ff5ab6feb7537a6877bc5a5e9d4f28a2
data/raw/plastic/plastic69.jpg,plastic,4,data/raw/plastic/plastic69.jpg,caa7044e8e8913d0394c7fc4007dc9f40578e57d810e345e80badc68f809954f
data/raw/plastic/plastic7.jpg,plastic,4,data/raw/plastic/plastic7.jpg,da60dcee4982606118f20c988e3740daa3e23feb4335a37a5fc3aa9e16d10f66
data/raw/plastic/plastic70.jpg,plastic,4,data/raw/plastic/plastic70.jpg,43e494e51a912320499ec75c5b73769668f094dc5982a13ea6dfafa50033ff8e
data/raw/plastic/plastic71.jpg,plastic,4,data/raw/plastic/plastic71.jpg,06210ee684574356308ab6a75b5c7cdedc9959a0b1033b968d98d1dee7fb5b90
data/raw/plastic/plastic72.jpg,plastic,4,data/raw/plastic/plastic72.jpg,fc6ba4d98792b4f60d37402d561d882b57a95d6c6a3ecde3cb469043240e0fd8
data/raw/plastic/plastic73.jpg,plastic,4,data/raw/plastic/plastic73.jpg,8adfd45c91e59217eb86fbf17b7cc91ea7e3c5e72c9ff5c32d59d97b43766991
data/raw/plastic/plastic74.jpg,plastic,4,data/raw/plastic/plastic74.jpg,39f4528b48c35e138c9dc35a57987bb7c63084c759498487440c0ae1a7868549
data/raw/plastic/plastic79.jpg,plastic,4,data/raw/plastic/plastic79.jpg,f8de98b15b5f39ae3c170242ac145414367f87f7f55651a4a9916e77e9d068a5
data/raw/plastic/plastic8.jpg,plastic,4,data/raw/plastic/plastic8.jpg,9f5b2e26171e2568ea3c809705cfa00732550ae24e0d06c58680e401bef3474e
data/raw/plastic/plastic80.jpg,plastic,4,data/raw/plastic/plastic80.jpg,350124b58b826b16e7e73331b4c16846229343a1099c61b3868bfd8bd9ca8075
data/raw/plastic/plastic81.jpg,plastic,4,data/raw/plastic/plastic81.jpg,5619c5112ef5558ae84005997b8aedef11dc851a91276a474ea9c28dcc57acb9
data/raw/plastic/plastic82.jpg,plastic,4,data/raw/plastic/plastic82.jpg,1a2af231f4f280680a67d841707a6b36d9438e816be6fdaf70e2e2609a2979bf
data/raw/plastic/plastic83.jpg,plastic,4,data/raw/plastic/plastic83.jpg,87635df246f224b72acac9ec299736d164f175a0e9bbe569a0991ddf7a638e6c
data/raw/plastic/plastic84.jpg,plastic,4,data/raw/plastic/plastic84.jpg,e601da110e32d80f61767e7551bbb7840d3c87f3a3bbe2b1040ae02124094217
data/raw/plastic/plastic85.jpg,plastic,4,data/raw/plastic/plastic85.jpg,01f8d026e7a6f1fc6bc47cf9ddb98e7c23d0cfb538a2f1822bf5287beceb6872
data/raw/plastic/plastic87.jpg,plastic,4,data/raw/plastic/plastic87.jpg,a472388faa1bd0fbcdf90086317b0ca67ca6516aebeb2289d816003b36de9a8f
data/raw/plastic/plastic88.jpg,plastic,4,data/raw/plastic/plastic88.jpg,d330491aa03dbaa550fb4729c87c3a82082785918068e2de501c0ff2b30f1e25
data/raw/plastic/plastic89.jpg,plastic,4,data/raw/plastic/plastic89.jpg,3bea414efe7ec324c143e02c7e84c5966cdcf702cd0e75e38b29783881d78d17
data/raw/plastic/plastic91.jpg,plastic,4,data/raw/plastic/plastic91.jpg,4c4b7514cd5e25ed6d878c1f657f520ff6b1d0337ad417ed1ea6b4e98a48bc75
data/raw/plastic/plastic92.jpg,plastic,4,data/raw/plastic/plastic92.jpg,a4f4316eec3ad18387d1142d3f1c71a92824c2f1f385d777ba4fca1a2a1de2e9
data/raw/plastic/plastic94.jpg,plastic,4,data/raw/plastic/plastic94.jpg,79d94d7d79b70d35391826f17d4f46f49e47bd576edf06e05d14cd847f32c58a
data/raw/plastic/plastic96.jpg,plastic,4,data/raw/plastic/plastic96.jpg,d22ed88164908ca988680a02df3f580e439258df4b378901f25d83c1cd77bec1
data/raw/plastic/plastic97.jpg,plastic,4,data/raw/plastic/plastic97.jpg,221592ad0b4ca84ab9b2d75dd82d279e9c2635056caa6e1e478544bd9ebae2d7
data/raw/plastic/plastic98.jpg,plastic,4,data/raw/plastic/plastic98.jpg,5dcdd840b2ef4863a974153e836821955c0d8a179529fd9ae3dff29af628b8b8
data/raw/plastic/plastic99.jpg,plastic,4,data/raw/plastic/plastic99.jpg,f974ebe90df82d6e9e011848f4542e5fce471d27c85902ce8866bb0131d494b5
data/raw/trash/trash1.jpg,trash,5,data/raw/trash/trash1.jpg,befe03db44ad0923b3f88239c071084950190e54381dc51679007917cfd315fa
data/raw/trash/trash10.jpg,trash,5,data/raw/trash/trash10.jpg,5f1ee42f525810222f5afc0afa6393f9184db463b2e2414df428f9321639a028
data/raw/trash/trash103.jpg,trash,5,data/raw/trash/trash103.jpg,91569f5d8ad69becd2f2b00717dc145ac32da62ef45f5388a6a672cfd029823e
data/raw/trash/trash105.jpg,trash,5,data/raw/trash/trash105.jpg,38f27ee1e73abed46c00653e1bbbd1fdd42f447123f03ad2c796d090dd3a83d9
data/raw/trash/trash106.jpg,trash,5,data/raw/trash/trash106.jpg,455588c52216aa168cdaadd524158bc3d0e9b5b634973802a183ccb4163b0376
data/raw/trash/trash107.jpg,trash,5,data/raw/trash/trash107.jpg,13de6bce803776e12771a91c6cdcd8366460387012490993d971c7fb05d368a3
data/raw/trash/trash108.jpg,trash,5,data/raw/trash/trash108.jpg,b244347094d4a92f7519a9687148d510d5e832cb60618b8ada3fa37629859ded
data/raw/trash/trash109.jpg,trash,5,data/raw/trash/trash109.jpg,b5647e487ac6115d936bea589eaef8779be252f49ee1acfe2fd9ebd0921eeaba
data/raw/trash/trash11.jpg,trash,5,data/raw/trash/trash11.jpg,3bde5980ea8d4947ec29e8efee5d361c353064c2f18aa27a86597f06ec5b7c2c
data/raw/trash/trash110.jpg,trash,5,data/raw/trash/trash110.jpg,87647d44e4efcae1c53244502fe889c68fc6b1247e878b818e45a6dcd0dc2ab7
data/raw/trash/trash111.jpg,trash,5,data/raw/trash/trash111.jpg,142eaad587c73f0909a5c7f8e068f1a5122c091f7dd55ac04f34d6f73fcaa384
data/raw/trash/trash112.jpg,trash,5,data/raw/trash/trash112.jpg,8e9269307c421a1c2ac670658db22709b29baebb0c8c857962e5adf21d165dc3
data/raw/trash/trash113.jpg,trash,5,data/raw/trash/trash113.jpg,b246248357f37f929a96e75795c6c1b541cc018553da59bbb5709232481cb732
data/raw/trash/trash114.jpg,trash,5,data/raw/trash/trash114.jpg,63e70ac6bc0587bac2b9f0845630ac50c0e5a96ad60869695f8604ea0f9efec8
data/raw/trash/trash115.jpg,trash,5,data/raw/trash/trash115.jpg,35a98f9f5eb24a8f320082900e2cfb71ab6bced3bd8ff10e32b9940115b31b54
data/raw/trash/trash116.jpg,trash,5,data/raw/trash/trash116.jpg,948b1a1e823db469dde660fb69c2f217ca58256ddd565361cfc8e9eca24bb0e5
data/raw/trash/trash117.jpg,trash,5,data/raw/trash/trash117.jpg,6b91f0da34581c5771126e3c8abd52bc21a7b1f937f7b0143cd14c6251e7b3f6
data/raw/trash/trash119.jpg,trash,5,data/raw/trash/trash119.jpg,6f56a47e66afd9d98d8a338d4e7b2635565a315e84b3e4964be6bcd402ac88ce
data/raw/trash/trash12.jpg,trash,5,data/raw/trash/trash12.jpg,e17b2ee40dac3524051c42121de539c097010e7cbdb572f17b329877b8833df7
data/raw/trash/trash121.jpg,trash,5,data/raw/trash/trash121.jpg,0c14e49aa904201de9fa905aba92864cb0345f0e569ec4f9fc37838fe3862645
data/raw/trash/trash122.jpg,trash,5,data/raw/trash/trash122.jpg,fa4983ac23ece0873100911089cafe10436b5db22894c6a2b629487e7db30efe
data/raw/trash/trash123.jpg,trash,5,data/raw/trash/trash123.jpg,2528d8ce5db65e02481a90e613944e64690d36cc89fb2dbda35f1d9763121c6c
data/raw/trash/trash124.jpg,trash,5,data/raw/trash/trash124.jpg,39bb0a46e81cb3c6ea99737e63b8fdc1dfb6b48e5f40a210ebe2f722b50e0ea5
data/raw/trash/trash125.jpg,trash,5,data/raw/trash/trash125.jpg,4606fb885763e30440aa6b9f6d6607750c6bc1a147c855c8135915cbd21f9544
data/raw/trash/trash126.jpg,trash,5,data/raw/trash/trash126.jpg,d47245d73413fc38cc2e7afb16af6e0ec32afa9ea1d9707c644a1606aae7d4ed
data/raw/trash/trash128.jpg,trash,5,data/raw/trash/trash128.jpg,c1b0f328e062e40b9badc5c514e1c95d9442076944b3485971605af1f3503366
data/raw/trash/trash13.jpg,trash,5,data/raw/trash/trash13.jpg,adfba9de5e4ecbb51152f547d344d17c84be35ae1d2d215d6e41ccd9151ba88c
data/raw/trash/trash131.jpg,trash,5,data/raw/trash/trash131.jpg,abebda9f7ef7b14f4a33b164566a4aa09f23cf0e7605f019fad2f2fa9c1574ae
data/raw/trash/trash132.jpg,trash,5,data/raw/trash/trash132.jpg,d1d96dd1bc1463d3464a4687105ec09a05bf63afe237bbec9c1aceafac56cf55
data/raw/trash/trash134.jpg,trash,5,data/raw/trash/trash134.jpg,07da038cb14ed7919525319f0f6e6e60c4589864d5979f08c1d73693f345eda5
data/raw/trash/trash135.jpg,trash,5,data/raw/trash/trash135.jpg,0767882db2a9d02d83b5f92304f0addbb87928bf1c658f7bcdaf10dfce37f5a8
data/raw/trash/trash14.jpg,trash,5,data/raw/trash/trash14.jpg,7c9c51cc21bbf23482aa67e7c58f5c74c77bf510b22364eb6f1441242c9590fa
data/raw/trash/trash15.jpg,trash,5,data/raw/trash/trash15.jpg,55d0df593b47745ca5d248ee1b66321adc03cdc5fa26deadeab549d76926f84a
data/raw/trash/trash16.jpg,trash,5,data/raw/trash/trash16.jpg,63ad4e3c8a3e85adaedcc92f48fe900fd02cb9e1973b42d684fda45a3139edf2
data/raw/trash/trash17.jpg,trash,5,data/raw/trash/trash17.jpg,db537c41bc4f2e3593cf3e53b056aacc7b8882b63c6f5c88b880ac72b1e6af7d
data/raw/trash/trash18.jpg,trash,5,data/raw/trash/trash18.jpg,9bf4c74101f0871f626a44afb655b79300554d240945f158a3d1aab53c8a415c
data/raw/trash/trash2.jpg,trash,5,data/raw/trash/trash2.jpg,00d96cc08c730da1d1bd47cc303191dfe354f6fbc2d026e78634e3a7705ead70
data/raw/trash/trash20.jpg,trash,5,data/raw/trash/trash20.jpg,a60a157fdc49ae3482faa573b4cff95998531f5242319d449f868e375a74258f
data/raw/trash/trash21.jpg,trash,5,data/raw/trash/trash21.jpg,70cf27625f47d388ae067b2b74559dcaa498205a60140957e88413dc74c0f476
data/raw/trash/trash22.jpg,trash,5,data/raw/trash/trash22.jpg,087e89608720c132a27bad153b651988f1bd22847c275b12dda9d7436f50af2b
data/raw/trash/trash24.jpg,trash,5,data/raw/trash/trash24.jpg,016c256ade2e52c40791cd3fca036b17e3e01219c80a2f7a4798dd055b2b9ecf
data/raw/trash/trash25.jpg,trash,5,data/raw/trash/trash25.jpg,427528afd8313a4c27ce8a4cbb80363917128c714fc6fc5c61e2a10f0d3b1379
data/raw/trash/trash26.jpg,trash,5,data/raw/trash/trash26.jpg,b1ab248e722a5e0b68f6a8540ae046e97bc352ae1ab89fd2d46f4d38c5a69b7f
data/raw/trash/trash27.jpg,trash,5,data/raw/trash/trash27.jpg,4d42396489dde5bf8147267df6629a4ccc13147bcd4b72b6c67fbca854a61558
data/raw/trash/trash28.jpg,trash,5,data/raw/trash/trash28.jpg,e710086ff62c36a2a2c267eba0c1a30e970835351206b9d0ad34e6182e14cb6c
data/raw/trash/trash29.jpg,trash,5,data/raw/trash/trash29.jpg,352d82b8a19a0ee5e50fafa6fec2858b021ae0240f20c303a76a6fb051c59096
data/raw/trash/trash3.jpg,trash,5,data/raw/trash/trash3.jpg,d61760bc3764e4da7bb229fb76a8e16f39ebeaf5a4e04ad18b06446c506695c8
data/raw/trash/trash30.jpg,trash,5,data/raw/trash/trash30.jpg,2c901b1adab005e369501f859ef06678dcbc7b83d775188e41ab1ce54ba3c963
data/raw/trash/trash32.jpg,trash,5,data/raw/trash/trash32.jpg,91d9398f5d3edbe36f7f8dd928d320eb40b0cd585cb3873921649742e59321ae
data/raw/trash/trash34.jpg,trash,5,data/raw/trash/trash34.jpg,65ab3dc1a6b9f079adb4d2322f8596b19972798610bf0a85fa426bd5e538a575
data/raw/trash/trash35.jpg,trash,5,data/raw/trash/trash35.jpg,833249f46ab948636615e0be201b1a120bd889b1561946523173fbe48d83ad2b
data/raw/trash/trash38.jpg,trash,5,data/raw/trash/trash38.jpg,be3709b243fbcac3c8a84b94c88608fbcf8e46a0872d54730757a4957ecbd209
data/raw/trash/trash39.jpg,trash,5,data/raw/trash/trash39.jpg,c2298ca13c3e4050cc169de58b8b77cc6765e18b7fb6145586a96b116668ad0b
data/raw/trash/trash4.jpg,trash,5,data/raw/trash/trash4.jpg,5c7c7bc798f6bdb768f82620a5549c0b73b0489adc2748afba47c39a350d84aa
data/raw/trash/trash44.jpg,trash,5,data/raw/trash/trash44.jpg,9aceaf820bc9c4625d3929a0c3f6154639124448ec52385c14f0015a974a1fc1
data/raw/trash/trash45.jpg,trash,5,data/raw/trash/trash45.jpg,ceced433730ac4cc276e4aec8e43db995c6722c199e7cafd4b02390c3251953f
data/raw/trash/trash49.jpg,trash,5,data/raw/trash/trash49.jpg,bb30f9f1cbbfd077d079cc10e55c3724c1f479c467bca875a76a5a15d274d3e7
data/raw/trash/trash5.jpg,trash,5,data/raw/trash/trash5.jpg,6dae3acd2554e66e9bfd8040b0989e45473413960573ea62f8acf3344cd865a6
data/raw/trash/trash51.jpg,trash,5,data/raw/trash/trash51.jpg,35c30bc348530667f60c6bf6396552a396e4bbe3f9c8da0e808a3e1c673504a8
data/raw/trash/trash52.jpg,trash,5,data/raw/trash/trash52.jpg,d309897d9df621e494961bdeb90fbafe195f207ead6a93062b73b54c428f077d
data/raw/trash/trash54.jpg,trash,5,data/raw/trash/trash54.jpg,5afae848f8a1f27b564ddf82e88833059781218353e97a1c9ce408e764805c2d
data/raw/trash/trash55.jpg,trash,5,data/raw/trash/trash55.jpg,360bb1b49f6f1f02dfb68d120863bc8b36b144b9a7edd1c5ebda5aab57476df7
data/raw/trash/trash56.jpg,trash,5,data/raw/trash/trash56.jpg,db75e3c83e669a8cc833d40993715473ef31cef31803817d9fb8991efa631bd8
data/raw/trash/trash57.jpg,trash,5,data/raw/trash/trash57.jpg,c7ee0e7c2884b87a5c453265ca11cb4bbf3e621eb0af36967a77d8ee74faf6d8
data/raw/trash/trash58.jpg,trash,5,data/raw/trash/trash58.jpg,133e53c2a758634c421f3f89c86ad72e7a31b381aa06ba2d9083645283ad2166
data/raw/trash/trash6.jpg,trash,5,data/raw/trash/trash6.jpg,20018f7c4b30f387edbca44d6b4b1233f65fb0e194992119609d0af807985057
data/raw/trash/trash61.jpg,trash,5,data/raw/trash/trash61.jpg,145fb39b422c564081befb9607f327ea785ccb0fa845f04b918946a958aa6b19
data/raw/trash/trash62.jpg,trash,5,data/raw/trash/trash62.jpg,a28255e9148954dfd8edc5e05c4c361cb9ae0a137e5bd7e863ff39ec94315899
data/raw/trash/trash63.jpg,trash,5,data/raw/trash/trash63.jpg,ecb6e1ed0dd5f7f862f61e9f9cb10b738458c706ab6c170055acb238e90611b3
data/raw/trash/trash64.jpg,trash,5,data/raw/trash/trash64.jpg,996cdb1c4a365784fa77fa219e8e2c61d42f078dbbbe9f39f771c050a7d965f7
data/raw/trash/trash65.jpg,trash,5,data/raw/trash/trash65.jpg,4f6be7d1e5ae1fc6a479e1d6e60cc7dbb9643662e0c48dabd2d882cc1df8c1e9
data/raw/trash/trash68.jpg,trash,5,data/raw/trash/trash68.jpg,f6b0430a22960812c30c536b9f1d56052cc306314e5647fe6fad46bba63fb341
data/raw/trash/trash72.jpg,trash,5,data/raw/trash/trash72.jpg,917e956c1df7d71729b71069800b1c9b0b5c45f4be29901c4437781244db9a58
data/raw/trash/trash73.jpg,trash,5,data/raw/trash/trash73.jpg,7997864c673bc2c4b5ce645d602dae37f1d2243be3dbf409c340b7abd1f9ab11
data/raw/trash/trash74.jpg,trash,5,data/raw/trash/trash74.jpg,37e7a1e4a4b3acdd91d9a4a89d25e0e2b2b5f35b972952168a2fd5e278e9addc
data/raw/trash/trash75.jpg,trash,5,data/raw/trash/trash75.jpg,a99bba1b57f9e8c1a94f4b65242bc59e6fccafffa28b6f819348ad8e750a8260
data/raw/trash/trash77.jpg,trash,5,data/raw/trash/trash77.jpg,878ededaa72ce87581c64fb73535d6c8a00a1d97215c02fd09066870de222322
data/raw/trash/trash78.jpg,trash,5,data/raw/trash/trash78.jpg,5a13bcf8f95a239a08d11b4b6f17697e4b8344620b9cc4b4d53783b6bf7e8821
data/raw/trash/trash79.jpg,trash,5,data/raw/trash/trash79.jpg,e753e1d34c583c97ea2ba5dbf79ae14d4fa22c2e6e3bc93f0c2f19ec930c53ea
data/raw/trash/trash8.jpg,trash,5,data/raw/trash/trash8.jpg,9a8fa22600d7cc21a589948e45b07619774ac997ad9ba71cf55d02bafefe833c
data/raw/trash/trash81.jpg,trash,5,data/raw/trash/trash81.jpg,3c953d5668650a8064d4ecd4f69f1ee6113768ea7677ddeb3386a829f18f0ba3
data/raw/trash/trash82.jpg,trash,5,data/raw/trash/trash82.jpg,b1bb38d5c3425ded1552433d0d5b522eaa6435ca8efc89b261066168adb87c81
data/raw/trash/trash83.jpg,trash,5,data/raw/trash/trash83.jpg,0be23f5060b7b0343578c1ee57a6907461c52435ea222166e08ae1f8632bf280
data/raw/trash/trash84.jpg,trash,5,data/raw/trash/trash84.jpg,4a0c4f7699e9873658694c3315064a829a6e36faa32dbb221ecd4c8bca9e1468
data/raw/trash/trash87.jpg,trash,5,data/raw/trash/trash87.jpg,6b83d92b3687e964d0cc296d36dff74564ccaf9eaf843ea250d5f1746b6bac41
data/raw/trash/trash88.jpg,trash,5,data/raw/trash/trash88.jpg,eee8d90286ce79ebba82861a949a4a0d0b02ed34a1ddace220cb799192c642f5
data/raw/trash/trash89.jpg,trash,5,data/raw/trash/trash89.jpg,1d416f486a470529d9877655665dd68ef27c7f464d5b5757e62eae79f83a5be3
data/raw/trash/trash9.jpg,trash,5,data/raw/trash/trash9.jpg,72954fafcbaaadc28fabf6eb3e0c785dbf527c9cc5de3faa6b0af2c59116f442
data/raw/trash/trash91.jpg,trash,5,data/raw/trash/trash91.jpg,001088828d15975e6a5de080e36b531ad07d9aef945aec427b5486c273381473
data/raw/trash/trash92.jpg,trash,5,data/raw/trash/trash92.jpg,7eb5719dc7a61fa54d46e7f7ebe17933322c94d7b1913e0545f3b5362c684745
data/raw/trash/trash93.jpg,trash,5,data/raw/trash/trash93.jpg,cbe9865b2976e5eb10bb4b3097c18348e592735135f9f0f20e34c9df5205c166
data/raw/trash/trash94.jpg,trash,5,data/raw/trash/trash94.jpg,89a4c6f609acdf40b5d122444e1bf9ff0e3c6451435ce33c79c68b12e856e71c
data/raw/trash/trash95.jpg,trash,5,data/raw/trash/trash95.jpg,605ecba52073b4fdeb9f5dd0f9a635963b7fd8762f96c23d31bbf1090e26ab75
data/raw/trash/trash97.jpg,trash,5,data/raw/trash/trash97.jpg,9bc6671a5dcee161730495154c2aa1d174366f456f0d05c1dde00ee789399e53
data/raw/trash/trash98.jpg,trash,5,data/raw/trash/trash98.jpg,1c04329bd1a226bf2498f4b4693d97eeaa6531da1ea2f9ce46aca3703637e3c9
data/raw/trash/trash99.jpg,trash,5,data/raw/trash/trash99.jpg,782cf3677ff3368ec77f9e7dc47594d8431f28417486e61686cf615dc1c64cec
